id,text,topic_label,sentiment_label,confidence,include,notes,source_file,sentiment_label_normalized,include_normalized,text_missing,text_length_chars,token_count_whitespace,is_short_comment,is_duplicate_text,exclude_reason,label,cleaned_text,tokens,token_count_cleaned
163,A true definition of big machines🔥🔥🔥🔥,Economy,Positive,High,Yes,,Facebook_Comment_Annotation - Alfred.csv,positive,yes,False,37,6,False,False,,positive,a true definition of big machines🔥🔥🔥🔥,"['a', 'true', 'definition', 'of', 'big', 'machines🔥🔥🔥🔥']",6
348,Am in love with the movement 🔥🔥,Economy,positive,High,Yes,,Facebook_Comment_Annotation - Perpetual.csv,positive,yes,False,31,7,False,False,,positive,am in love with the movement 🔥🔥,"['am', 'in', 'love', 'with', 'the', 'movement', '🔥🔥']",7
463,He's Real..... Louder speaks action than words,Economy,Positive,High,Yes,,Facebook_Comment_Annotation - Fitina.csv,positive,yes,False,46,7,False,False,,positive,he ' s real..... louder speaks action than words,"['he', ""'"", 's', 'real.....', 'louder', 'speaks', 'action', 'than', 'words']",9
304,Iyi ndenkhani kaya.....why hasn't it been in the limelight already hearing this first time...progressive thinking #salute,Economy,Positive,High,Yes,,Facebook_Comment_Annotation - Rahema.csv,positive,yes,False,121,16,False,False,,positive,iyi ndenkhani kaya.....why hasn ' t it been in the limelight already hearing this first time...progressive thinking #salute,"['iyi', 'ndenkhani', 'kaya.....why', 'hasn', ""'"", 't', 'it', 'been', 'in', 'the', 'limelight', 'already', 'hearing', 'this', 'first', 'time...progressive', 'thinking', '#salute']",18
76,"For Malawians sake, this guy ought to be reincarnated. Asazafe👌",Economy,Positive,High,Yes,,Facebook_Comment_Annotation - Viwongo.csv,positive,yes,False,63,10,False,False,,positive,"for malawians sake , this guy ought to be reincarnated. asazafe👌","['for', 'malawians', 'sake', ',', 'this', 'guy', 'ought', 'to', 'be', 'reincarnated.', 'asazafe👌']",11
353,Intelligent man💪,Economy,Positive,Medium,Yes,,Facebook_Comment_Annotation - Perpetual.csv,positive,yes,False,16,2,False,False,,positive,intelligent man💪,"['intelligent', 'man💪']",2
255,king Solomon in Malawi 🇲🇼,Economy,Positive,High,Yes,,Facebook_Comment_Annotation - Rahema.csv,positive,yes,False,25,5,False,False,,positive,king solomon in malawi 🇲🇼,"['king', 'solomon', 'in', 'malawi', '🇲🇼']",5
10,bwana mpinganjila atangomanga ena awiri we won't have to worry about fertiliser again and also unemployment rate would drop by 0.03% according to me... and This would replace 60% of imported fertilizer saving us about 144 million USD per year. This is also according to me,Economy,Positive,Medium,Yes,,Facebook_Comment_Annotation - Viwongo.csv,positive,yes,False,272,46,False,False,,positive,bwana mpinganjila atangomanga ena awiri we won ' t have to worry about fertiliser again and also unemployment rate would drop by <num> . <num> % according to me... and this would replace <num> % of imported fertilizer saving us about <num> million usd per year. this is also according to me,"['bwana', 'mpinganjila', 'atangomanga', 'ena', 'awiri', 'we', 'won', ""'"", 't', 'have', 'to', 'worry', 'about', 'fertiliser', 'again', 'and', 'also', 'unemployment', 'rate', 'would', 'drop', 'by', '<num>', '.', '<num>', '%', 'according', 'to', 'me...', 'and', 'this', 'would', 'replace', '<num>', '%', 'of', 'imported', 'fertilizer', 'saving', 'us', 'about', '<num>', 'million', 'usd', 'per', 'year.', 'this', 'is', 'also', 'according', 'to', 'me']",52
400,Dowa ndi dziko palokha,Economy,Neutral,High,Yes,,Facebook_Comment_Annotation - Perpetual.csv,neutral,yes,False,22,4,False,False,,neutral,dowa ndi dziko palokha,"['dowa', 'ndi', 'dziko', 'palokha']",4
307,That's positive thinking finding solutions to problems crippling the country we need more of you than politicians in this country,Economy,Positive,High,Yes,,Facebook_Comment_Annotation - Rahema.csv,positive,yes,False,129,20,False,False,,positive,that ' s positive thinking finding solutions to problems crippling the country we need more of you than politicians in this country,"['that', ""'"", 's', 'positive', 'thinking', 'finding', 'solutions', 'to', 'problems', 'crippling', 'the', 'country', 'we', 'need', 'more', 'of', 'you', 'than', 'politicians', 'in', 'this', 'country']",22
11,"Awawa man aaaaa I don't knw how to describe him ,so creative,so innovative,a true meaning of an entrepreneur how cn someone have all these qualities eeeee Dolo ka handede",Economy,Positive,High,Yes,,Facebook_Comment_Annotation - Viwongo.csv,positive,yes,False,170,29,False,False,,positive,"awawa man aaaaa i don ' t knw how to describe him , so creative , so innovative , a true meaning of an entrepreneur how cn someone have all these qualities eeeee dolo ka handede","['awawa', 'man', 'aaaaa', 'i', 'don', ""'"", 't', 'knw', 'how', 'to', 'describe', 'him', ',', 'so', 'creative', ',', 'so', 'innovative', ',', 'a', 'true', 'meaning', 'of', 'an', 'entrepreneur', 'how', 'cn', 'someone', 'have', 'all', 'these', 'qualities', 'eeeee', 'dolo', 'ka', 'handede']",36
472,Dolo kwambir,Economy,Positive,High,Yes,,Facebook_Comment_Annotation - Fitina.csv,positive,yes,False,12,2,False,False,,positive,dolo kwambir,"['dolo', 'kwambir']",2
12,Proud member of Dowa Nee Lumbadzi 🤣🤣,Economy,Neutral,Medium,Yes,,Facebook_Comment_Annotation - Viwongo.csv,neutral,yes,False,36,7,False,False,,neutral,proud member of dowa nee lumbadzi 🤣🤣,"['proud', 'member', 'of', 'dowa', 'nee', 'lumbadzi', '🤣🤣']",7
442,Chonena ndilibe ndingoti God bless Malawi,Economy,Positive,Medium,Yes,,Facebook_Comment_Annotation - Fitina.csv,positive,yes,False,41,6,False,False,,positive,chonena ndilibe ndingoti god bless malawi,"['chonena', 'ndilibe', 'ndingoti', 'god', 'bless', 'malawi']",6
234,Big brain with vinzeru,Economy,Positive,High,Yes,,Facebook_Comment_Annotation - Thando.csv,positive,yes,False,22,4,False,False,,positive,big brain with vinzeru,"['big', 'brain', 'with', 'vinzeru']",4
18,"Kkk by the end of the day umva boma layamba kumukankza forex to order inputs for making fertilizer we have to buy fertilizer outside 😂😂..
 
  but this is nice we need this visionary",Economy,Positive,High,Yes,,Facebook_Comment_Annotation - Viwongo.csv,positive,yes,False,181,33,False,False,,positive,kkk by the end of the day umva boma layamba kumukankza forex to order inputs for making fertilizer we have to buy fertilizer outside 😂😂.. but this is nice we need this visionary,"['kkk', 'by', 'the', 'end', 'of', 'the', 'day', 'umva', 'boma', 'layamba', 'kumukankza', 'forex', 'to', 'order', 'inputs', 'for', 'making', 'fertilizer', 'we', 'have', 'to', 'buy', 'fertilizer', 'outside', '😂😂..', 'but', 'this', 'is', 'nice', 'we', 'need', 'this', 'visionary']",33
85,Republic of dowa 💥,Economy,Negative,High,Yes,,Facebook_Comment_Annotation - Alfred.csv,negative,yes,False,18,4,False,False,,negative,republic of dowa 💥,"['republic', 'of', 'dowa', '💥']",4
44,"When you give a great Man power, the consequences are wonderful",Economy,Positive,High,Yes,,Facebook_Comment_Annotation - Viwongo.csv,positive,yes,False,63,11,False,False,,positive,"when you give a great man power , the consequences are wonderful","['when', 'you', 'give', 'a', 'great', 'man', 'power', ',', 'the', 'consequences', 'are', 'wonderful']",12
188,"People like you Prophet Shepherd Bushiri and Napoleon Dzombe need to be supported by the government in one one way or another.
 
 Imagine, creating jobs for Malawians, saving forex for Malawi, paying tax to government, stabilising the fertiliser market, as benefits and plus many more. Don't these people deserve grants from government to further invest in malawi.
 
 Even the president of Malawi should offer free access calls to these men to be discussing investment ideas with them. 
 
 Non should block these men on their way to pursuing excellence for the benefit of malawi",Economy,Positive,High,Yes,,Facebook_Comment_Annotation - Thando.csv,positive,yes,False,578,93,False,False,,positive,"people like you prophet shepherd bushiri and napoleon dzombe need to be supported by the government in one one way or another. imagine , creating jobs for malawians , saving forex for malawi , paying tax to government , stabilising the fertiliser market , as benefits and plus many more. don ' t these people deserve grants from government to further invest in malawi. even the president of malawi should offer free access calls to these men to be discussing investment ideas with them. non should block these men on their way to pursuing excellence for the benefit of malawi","['people', 'like', 'you', 'prophet', 'shepherd', 'bushiri', 'and', 'napoleon', 'dzombe', 'need', 'to', 'be', 'supported', 'by', 'the', 'government', 'in', 'one', 'one', 'way', 'or', 'another.', 'imagine', ',', 'creating', 'jobs', 'for', 'malawians', ',', 'saving', 'forex', 'for', 'malawi', ',', 'paying', 'tax', 'to', 'government', ',', 'stabilising', 'the', 'fertiliser', 'market', ',', 'as', 'benefits', 'and', 'plus', 'many', 'more.', 'don', ""'"", 't', 'these', 'people', 'deserve', 'grants', 'from', 'government', 'to', 'further', 'invest', 'in', 'malawi.', 'even', 'the', 'president', 'of', 'malawi', 'should', 'offer', 'free', 'access', 'calls', 'to', 'these', 'men', 'to', 'be', 'discussing', 'investment', 'ideas', 'with', 'them.', 'non', 'should', 'block', 'these', 'men', 'on', 'their', 'way', 'to', 'pursuing', 'excellence', 'for', 'the', 'benefit', 'of', 'malawi']",100
382,"Pepani akudowa timakulakwilani,, ponena kt ndinu mabulutu 🙌🏾🙌🏾🙌🏾😢",Economy,neutral,high,yes,apology,Facebook_Comment_Annotation - Perpetual.csv,neutral,yes,False,65,8,False,False,,neutral,"pepani akudowa timakulakwilani , , ponena kt ndinu mabulutu 🙌🏾🙌🏾🙌🏾😢","['pepani', 'akudowa', 'timakulakwilani', ',', ',', 'ponena', 'kt', 'ndinu', 'mabulutu', '🙌🏾🙌🏾🙌🏾😢']",10
95,This is what we call idea 👌,Economy,Positive,High,Yes,,Facebook_Comment_Annotation - Alfred.csv,positive,yes,False,27,7,False,False,,positive,this is what we call idea 👌,"['this', 'is', 'what', 'we', 'call', 'idea', '👌']",7
75,Aimile u pule tinvotera,Economy,Positive,High,Yes,,Facebook_Comment_Annotation - Viwongo.csv,positive,yes,False,23,4,False,False,,positive,aimile u pule tinvotera,"['aimile', 'u', 'pule', 'tinvotera']",4
323,Mzeru za abambo 👏🏾,Economy,Positive,High,Yes,,Facebook_Comment_Annotation - Rahema.csv,positive,yes,False,18,4,False,False,,positive,mzeru za abambo 👏🏾,"['mzeru', 'za', 'abambo', '👏🏾']",4
310,The greatest progress in malawi,Economy,Positive,High,Yes,,Facebook_Comment_Annotation - Rahema.csv,positive,yes,False,31,5,False,False,,positive,the greatest progress in malawi,"['the', 'greatest', 'progress', 'in', 'malawi']",5
208,Awa Ali zindalama,Economy,Neutral,Medium,Yes,,Facebook_Comment_Annotation - Thando.csv,neutral,yes,False,17,3,False,False,,neutral,awa ali zindalama,"['awa', 'ali', 'zindalama']",3
328,Azibambo,Economy,Positive,High,Yes,,Facebook_Comment_Annotation - Rahema.csv,positive,yes,False,8,1,True,False,,positive,azibambo,['azibambo'],1
248,End God bless you,Economy,Positive,High,Yes,,Facebook_Comment_Annotation - Thando.csv,positive,yes,False,17,4,False,False,,positive,end god bless you,"['end', 'god', 'bless', 'you']",4
287,The winning team ♥️💪,,Positive,High,Yes,,Facebook_Comment_Annotation - Rahema.csv,positive,yes,False,20,4,False,False,,positive,the winning team ♥️💪,"['the', 'winning', 'team', '♥️💪']",4
261,OUR MALAWIAN TRAOLE,Economy,Positive,High,Yes,,Facebook_Comment_Annotation - Rahema.csv,positive,yes,False,19,3,False,False,,positive,our malawian traole,"['our', 'malawian', 'traole']",3
302,Wonderful,Economy,Positive,High,Yes,,Facebook_Comment_Annotation - Rahema.csv,positive,yes,False,9,1,True,False,,positive,wonderful,['wonderful'],1
48,"Doing tingz in silent..
 Routes of legends🙌✊",Economy,Positive,High,Yes,,Facebook_Comment_Annotation - Viwongo.csv,positive,yes,False,44,7,False,False,,positive,doing tingz in silent.. routes of legends🙌✊,"['doing', 'tingz', 'in', 'silent..', 'routes', 'of', 'legends🙌✊']",7
290,Ukali,Economy,Positive,High,Yes,,Facebook_Comment_Annotation - Rahema.csv,positive,yes,False,5,1,True,False,,positive,ukali,['ukali'],1
447,Machine machine munthu wanzeru zake,Economy,Positive,High,Yes,,Facebook_Comment_Annotation - Fitina.csv,positive,yes,False,35,5,False,False,,positive,machine machine munthu wanzeru zake,"['machine', 'machine', 'munthu', 'wanzeru', 'zake']",5
179,One man can change the world.,Politics,Positive,High,Yes,,Facebook_Comment_Annotation - Thando.csv,positive,yes,False,29,6,False,False,,positive,one man can change the world.,"['one', 'man', 'can', 'change', 'the', 'world.']",6
327,Very true,Economy,Positive,High,Yes,,Facebook_Comment_Annotation - Rahema.csv,positive,yes,False,9,2,False,False,,positive,very true,"['very', 'true']",2
324,One of Malawian greatest men brains,Economy,Positive,High,Yes,,Facebook_Comment_Annotation - Rahema.csv,positive,yes,False,35,6,False,False,,positive,one of malawian greatest men brains,"['one', 'of', 'malawian', 'greatest', 'men', 'brains']",6
237,Great initiative,Economy,Positive,High,Yes,,Facebook_Comment_Annotation - Thando.csv,positive,yes,False,16,2,False,False,,positive,great initiative,"['great', 'initiative']",2
257,"He is brilliant guy, and l like him so much",Economy,Positive,High,Yes,,Facebook_Comment_Annotation - Rahema.csv,positive,yes,False,43,10,False,False,,positive,"he is brilliant guy , and l like him so much","['he', 'is', 'brilliant', 'guy', ',', 'and', 'l', 'like', 'him', 'so', 'much']",11
148,Zikuchitikadi izizi 🤓,Economy,Neutral,Medium,Yes,,Facebook_Comment_Annotation - Alfred.csv,neutral,yes,False,21,3,False,False,,neutral,zikuchitikadi izizi 🤓,"['zikuchitikadi', 'izizi', '🤓']",3
103,"Things gvt can't do, a person does🙌 
 Fert uyu akufunika tax free 😅",Economy,Positive,High,Yes,,Facebook_Comment_Annotation - Alfred.csv,positive,yes,False,67,13,False,False,,positive,"things gvt can ' t do , a person does🙌 fert uyu akufunika tax free 😅","['things', 'gvt', 'can', ""'"", 't', 'do', ',', 'a', 'person', 'does🙌', 'fert', 'uyu', 'akufunika', 'tax', 'free', '😅']",16
196,And he made it kwao konko,Economy,Neutral,High,Yes,,Facebook_Comment_Annotation - Thando.csv,neutral,yes,False,25,6,False,False,,neutral,and he made it kwao konko,"['and', 'he', 'made', 'it', 'kwao', 'konko']",6
341,"Pomwe ma politicians amakhala busy kudya misonkho ya a Malawi kenako kuzasaukaso...
 This is the way to go as a country",Economy,positive,Medium,Yes,,Facebook_Comment_Annotation - Perpetual.csv,positive,yes,False,119,21,False,False,,positive,pomwe ma politicians amakhala busy kudya misonkho ya a malawi kenako kuzasaukaso... this is the way to go as a country,"['pomwe', 'ma', 'politicians', 'amakhala', 'busy', 'kudya', 'misonkho', 'ya', 'a', 'malawi', 'kenako', 'kuzasaukaso...', 'this', 'is', 'the', 'way', 'to', 'go', 'as', 'a', 'country']",21
275,Job creation 💯,Economy,Positive,High,Yes,,Facebook_Comment_Annotation - Rahema.csv,positive,yes,False,14,3,False,False,,positive,job creation 💯,"['job', 'creation', '💯']",3
427,"Aliyense akutulutsa zake 
 
 Anthu achuma mmmmhu",Economy,Neutral,Medium,Yes,,Facebook_Comment_Annotation - Fitina.csv,neutral,yes,False,48,6,False,False,,neutral,aliyense akutulutsa zake anthu achuma mmmmhu,"['aliyense', 'akutulutsa', 'zake', 'anthu', 'achuma', 'mmmmhu']",6
297,Uyuyu mkatundu,Economy,Positive,High,Yes,,Facebook_Comment_Annotation - Rahema.csv,positive,yes,False,14,2,False,False,,positive,uyuyu mkatundu,"['uyuyu', 'mkatundu']",2
20,This one is a Malawian promax,Economy,Positive,High,Yes,,Facebook_Comment_Annotation - Viwongo.csv,positive,yes,False,29,6,False,False,,positive,this one is a malawian promax,"['this', 'one', 'is', 'a', 'malawian', 'promax']",6
486,Zapamwamba🔥,Economy,Positive,High,Yes,,Facebook_Comment_Annotation - Fitina.csv,positive,yes,False,11,1,True,False,,positive,zapamwamba🔥,['zapamwamba🔥'],1
453,I think uyu ngothandiza,Economy,Positive,High,Yes,,Facebook_Comment_Annotation - Fitina.csv,positive,yes,False,23,4,False,False,,positive,i think uyu ngothandiza,"['i', 'think', 'uyu', 'ngothandiza']",4
88,A Malawian dangote,Economy,Positive,High,Yes,,Facebook_Comment_Annotation - Alfred.csv,positive,yes,False,18,3,False,False,,positive,a malawian dangote,"['a', 'malawian', 'dangote']",3
47,Eh Dowa osazamuphwekesa Guyz kuli mikhatheya 🤣🤣🤣💪💪💪💪 I appreciate my district,Economy,Positive,High,Yes,,Facebook_Comment_Annotation - Viwongo.csv,positive,yes,False,77,11,False,False,,positive,eh dowa osazamuphwekesa guyz kuli mikhatheya 🤣🤣🤣💪💪💪💪 i appreciate my district,"['eh', 'dowa', 'osazamuphwekesa', 'guyz', 'kuli', 'mikhatheya', '🤣🤣🤣💪💪💪💪', 'i', 'appreciate', 'my', 'district']",11
345,President waku DOWA,Economy,Neutral,Medium,Yes,,Facebook_Comment_Annotation - Perpetual.csv,neutral,yes,False,19,3,False,False,,neutral,president waku dowa,"['president', 'waku', 'dowa']",3
92,Politicians and 99 others feeling uncomfortable with a bombastic side eye.,Politics,Negative,Medium,Yes,,Facebook_Comment_Annotation - Alfred.csv,negative,yes,False,74,11,False,False,,negative,politicians and <num> others feeling uncomfortable with a bombastic side eye.,"['politicians', 'and', '<num>', 'others', 'feeling', 'uncomfortable', 'with', 'a', 'bombastic', 'side', 'eye.']",11
115,Napoleon doro ka 100 🔥🔥🔥🔥,Economy,Positive,High,Yes,,Facebook_Comment_Annotation - Alfred.csv,positive,yes,False,25,5,False,False,,positive,napoleon doro ka <num> 🔥🔥🔥🔥,"['napoleon', 'doro', 'ka', '<num>', '🔥🔥🔥🔥']",5
454,Amfumu,Economy,Positive,High,Yes,,Facebook_Comment_Annotation - Fitina.csv,positive,yes,False,6,1,True,False,,positive,amfumu,['amfumu'],1
386,"Abwana wa amaona mwai mu zinthu zomwe ambili timadandaula, umeo
 The guy sees an opportunity like a star in dark, for what most of us complain of. Love it 😍",Economy,Positive,high,yes,public criticism,Facebook_Comment_Annotation - Perpetual.csv,positive,yes,False,156,30,False,False,,positive,"abwana wa amaona mwai mu zinthu zomwe ambili timadandaula , umeo the guy sees an opportunity like a star in dark , for what most of us complain of. love it 😍","['abwana', 'wa', 'amaona', 'mwai', 'mu', 'zinthu', 'zomwe', 'ambili', 'timadandaula', ',', 'umeo', 'the', 'guy', 'sees', 'an', 'opportunity', 'like', 'a', 'star', 'in', 'dark', ',', 'for', 'what', 'most', 'of', 'us', 'complain', 'of.', 'love', 'it', '😍']",32
478,With things like this I can't stop smiling💞💪,Economy,Positive,High,Yes,,Facebook_Comment_Annotation - Fitina.csv,positive,yes,False,44,8,False,False,,positive,with things like this i can ' t stop smiling💞💪,"['with', 'things', 'like', 'this', 'i', 'can', ""'"", 't', 'stop', 'smiling💞💪']",10
43,Kwanthu kudowa mkokoma.,Economy,Positive,High,Yes,,Facebook_Comment_Annotation - Viwongo.csv,positive,yes,False,23,3,False,False,,positive,kwanthu kudowa mkokoma.,"['kwanthu', 'kudowa', 'mkokoma.']",3
120,Grow big or go home,Economy,Neutral,Medium,Yes,,Facebook_Comment_Annotation - Alfred.csv,neutral,yes,False,19,5,False,False,,neutral,grow big or go home,"['grow', 'big', 'or', 'go', 'home']",5
111,Dowa Getto tikungowonera ku ma comment ku,Politics,Negative,Medium,Yes,,Facebook_Comment_Annotation - Alfred.csv,negative,yes,False,41,7,False,False,,negative,dowa getto tikungowonera ku ma comment ku,"['dowa', 'getto', 'tikungowonera', 'ku', 'ma', 'comment', 'ku']",7
66,Mzelu zabambo wawa,Economy,Positive,High,Yes,,Facebook_Comment_Annotation - Viwongo.csv,positive,yes,False,18,3,False,False,,positive,mzelu zabambo wawa,"['mzelu', 'zabambo', 'wawa']",3
292,The guy is very wise,Economy,Positive,High,Yes,,Facebook_Comment_Annotation - Rahema.csv,positive,yes,False,20,5,False,False,,positive,the guy is very wise,"['the', 'guy', 'is', 'very', 'wise']",5
131,Dowa to the world 🔥🔥🔥,Politics,Neutral,High,Yes,,Facebook_Comment_Annotation - Alfred.csv,neutral,yes,False,21,5,False,False,,neutral,dowa to the world 🔥🔥🔥,"['dowa', 'to', 'the', 'world', '🔥🔥🔥']",5
301,This guy is amazing kkkk,Economy,Positive,High,Yes,,Facebook_Comment_Annotation - Rahema.csv,positive,yes,False,24,5,False,False,,positive,this guy is amazing kkkk,"['this', 'guy', 'is', 'amazing', 'kkkk']",5
201,Dowa to the world,Economy,Neutral,High,Yes,,Facebook_Comment_Annotation - Thando.csv,neutral,yes,False,17,4,False,False,,neutral,dowa to the world,"['dowa', 'to', 'the', 'world']",4
241,Great thinkers.Salute,Economy,Positive,High,Yes,,Facebook_Comment_Annotation - Thando.csv,positive,yes,False,21,2,False,False,,positive,great thinkers.salute,"['great', 'thinkers.salute']",2
137,This is the son of Malawian soil.,Economy,Positive,High,Yes,,Facebook_Comment_Annotation - Alfred.csv,positive,yes,False,33,7,False,False,,positive,this is the son of malawian soil.,"['this', 'is', 'the', 'son', 'of', 'malawian', 'soil.']",7
367,"May God bless you. 
 Development it's helps
 Muslims and Christians and other everyone out there. 
 So let us depend on workhard while we're praising and fearing God. God says in several verses :
 ""And do good; indeed, God loves the doers of good""
 ""Man will not get anything unless he works hard""",Economy,Positive,Medium,yes,,Facebook_Comment_Annotation - Perpetual.csv,positive,yes,False,297,52,False,False,,positive,"may god bless you. development it ' s helps muslims and christians and other everyone out there. so let us depend on workhard while we ' re praising and fearing god. god says in several verses : "" and do good ; indeed , god loves the doers of good "" "" man will not get anything unless he works hard ""","['may', 'god', 'bless', 'you.', 'development', 'it', ""'"", 's', 'helps', 'muslims', 'and', 'christians', 'and', 'other', 'everyone', 'out', 'there.', 'so', 'let', 'us', 'depend', 'on', 'workhard', 'while', 'we', ""'"", 're', 'praising', 'and', 'fearing', 'god.', 'god', 'says', 'in', 'several', 'verses', ':', '""', 'and', 'do', 'good', ';', 'indeed', ',', 'god', 'loves', 'the', 'doers', 'of', 'good', '""', '""', 'man', 'will', 'not', 'get', 'anything', 'unless', 'he', 'works', 'hard', '""']",62
109,Man of Calibre🔥,Economy,Positive,High,Yes,,Facebook_Comment_Annotation - Alfred.csv,positive,yes,False,15,3,False,False,,positive,man of calibre🔥,"['man', 'of', 'calibre🔥']",3
209,That's the spirit,Economy,Positive,High,Yes,,Facebook_Comment_Annotation - Thando.csv,positive,yes,False,17,3,False,False,,positive,that ' s the spirit,"['that', ""'"", 's', 'the', 'spirit']",5
263,Napoleon,Economy,Positive,High,Yes,,Facebook_Comment_Annotation - Rahema.csv,positive,yes,False,8,1,True,False,,positive,napoleon,['napoleon'],1
168,true son of soil,Economy,Neutral,High,Yes,,Facebook_Comment_Annotation - Thando.csv,neutral,yes,False,16,4,False,False,,neutral,true son of soil,"['true', 'son', 'of', 'soil']",4
300,Dowa sigawa kamba 💥💥💥,Economy,Positive,High,Yes,,Facebook_Comment_Annotation - Rahema.csv,positive,yes,False,21,4,False,False,,positive,dowa sigawa kamba 💥💥💥,"['dowa', 'sigawa', 'kamba', '💥💥💥']",4
479,Malawi is developing,Economy,Positive,High,Yes,,Facebook_Comment_Annotation - Fitina.csv,positive,yes,False,20,3,False,False,,positive,malawi is developing,"['malawi', 'is', 'developing']",3
121,Goat uyu 🔥🤝,Economy,Positive,High,Yes,,Facebook_Comment_Annotation - Alfred.csv,positive,yes,False,11,3,False,False,,positive,goat uyu 🔥🤝,"['goat', 'uyu', '🔥🤝']",3
285,That's good news,Economy,Positive,High,Yes,,Facebook_Comment_Annotation - Rahema.csv,positive,yes,False,16,3,False,False,,positive,that ' s good news,"['that', ""'"", 's', 'good', 'news']",5
289,Kkkkkk koma yaaa panga zithu,Economy,Neutral,High,Yes,,Facebook_Comment_Annotation - Rahema.csv,neutral,yes,False,28,5,False,False,,neutral,kkkkkk koma yaaa panga zithu,"['kkkkkk', 'koma', 'yaaa', 'panga', 'zithu']",5
176,Mbambande 🔥🔥🙌,Economy,Positive,High,Yes,,Facebook_Comment_Annotation - Thando.csv,positive,yes,False,13,2,False,False,,positive,mbambande 🔥🔥🙌,"['mbambande', '🔥🔥🙌']",2
379,Azanthu akumwera sakukunkhuzani mumawatukwana kwambiri anthu a ku Dowa nanu muzipanga zanu apo biii muzidya chitedze pakuti munazolowera kale,Economy,negative,high,yes,,Facebook_Comment_Annotation - Perpetual.csv,negative,yes,False,141,19,False,False,,negative,azanthu akumwera sakukunkhuzani mumawatukwana kwambiri anthu a ku dowa nanu muzipanga zanu apo biii muzidya chitedze pakuti munazolowera kale,"['azanthu', 'akumwera', 'sakukunkhuzani', 'mumawatukwana', 'kwambiri', 'anthu', 'a', 'ku', 'dowa', 'nanu', 'muzipanga', 'zanu', 'apo', 'biii', 'muzidya', 'chitedze', 'pakuti', 'munazolowera', 'kale']",19
223,Malawian Dagote 😀,Economy,Positive,High,Yes,,Facebook_Comment_Annotation - Thando.csv,positive,yes,False,17,3,False,False,,positive,malawian dagote 😀,"['malawian', 'dagote', '😀']",3
151,Live longer dada Dzonbe,Economy,Positive,High,Yes,,Facebook_Comment_Annotation - Alfred.csv,positive,yes,False,23,4,False,False,,positive,live longer dada dzonbe,"['live', 'longer', 'dada', 'dzonbe']",4
308,Very impressive,Economy,Positive,High,Yes,,Facebook_Comment_Annotation - Rahema.csv,positive,yes,False,15,2,False,False,,positive,very impressive,"['very', 'impressive']",2
133,Now that's what I call wealth,Economy,Positive,High,Yes,,Facebook_Comment_Annotation - Alfred.csv,positive,yes,False,29,6,False,False,,positive,now that ' s what i call wealth,"['now', 'that', ""'"", 's', 'what', 'i', 'call', 'wealth']",8
118,Angotenga upule bas wawina no kampeni,Politics,Positive,High,Yes,,Facebook_Comment_Annotation - Alfred.csv,positive,yes,False,37,6,False,False,,positive,angotenga upule bas wawina no kampeni,"['angotenga', 'upule', 'bas', 'wawina', 'no', 'kampeni']",6
489,Bwanamkubwa🤝🏾🔥,Economy,Positive,High,Yes,,Facebook_Comment_Annotation - Fitina.csv,positive,yes,False,14,1,True,False,,positive,bwanamkubwa🤝🏾🔥,['bwanamkubwa🤝🏾🔥'],1
164,We will defeat hunger forever 💪,Economy,Positive,High,Yes,,Facebook_Comment_Annotation - Alfred.csv,positive,yes,False,31,6,False,False,,positive,we will defeat hunger forever 💪,"['we', 'will', 'defeat', 'hunger', 'forever', '💪']",6
198,The true visionary leader. He brings solutions to problems. We are proud of you Dr. Dzombe. Malawi will never be the same with abundance of fertilizer. Hunger will no longer oppress Malawians in near future.,Economy,Positive,High,Yes,,Facebook_Comment_Annotation - Thando.csv,positive,yes,False,207,35,False,False,,positive,the true visionary leader. he brings solutions to problems. we are proud of you dr. dzombe. malawi will never be the same with abundance of fertilizer. hunger will no longer oppress malawians in near future.,"['the', 'true', 'visionary', 'leader.', 'he', 'brings', 'solutions', 'to', 'problems.', 'we', 'are', 'proud', 'of', 'you', 'dr.', 'dzombe.', 'malawi', 'will', 'never', 'be', 'the', 'same', 'with', 'abundance', 'of', 'fertilizer.', 'hunger', 'will', 'no', 'longer', 'oppress', 'malawians', 'in', 'near', 'future.']",35
363,Katundu bambo napoleon zombe,Economy,Positive,Medium,Yes,,Facebook_Comment_Annotation - Perpetual.csv,positive,yes,False,28,4,False,False,,positive,katundu bambo napoleon zombe,"['katundu', 'bambo', 'napoleon', 'zombe']",4
165,"Napoleon the legend, men working ahead",Economy,Positive,High,Yes,,Facebook_Comment_Annotation - Alfred.csv,positive,yes,False,38,6,False,False,,positive,"napoleon the legend , men working ahead","['napoleon', 'the', 'legend', ',', 'men', 'working', 'ahead']",7
286,Adorable,Economy,Positive,High,Yes,,Facebook_Comment_Annotation - Rahema.csv,positive,yes,False,8,1,True,False,,positive,adorable,['adorable'],1
366,Yet anthu 21 million kusonkherana izi zimakanika. Malawi eeeeh🤣🤣🤣🤣,Economy,negative,High,Yes,,Facebook_Comment_Annotation - Perpetual.csv,negative,yes,False,66,9,False,False,,negative,yet anthu <num> million kusonkherana izi zimakanika. malawi eeeeh🤣🤣🤣🤣,"['yet', 'anthu', '<num>', 'million', 'kusonkherana', 'izi', 'zimakanika.', 'malawi', 'eeeeh🤣🤣🤣🤣']",9
349,Iyi nde Malawi government,Economy,Neutral,Medium,Yes,,Facebook_Comment_Annotation - Perpetual.csv,neutral,yes,False,25,4,False,False,,neutral,iyi nde malawi government,"['iyi', 'nde', 'malawi', 'government']",4
214,"People with visions, development is in our DNA.",Economy,Positive,High,Yes,,Facebook_Comment_Annotation - Thando.csv,positive,yes,False,47,8,False,False,,positive,"people with visions , development is in our dna.","['people', 'with', 'visions', ',', 'development', 'is', 'in', 'our', 'dna.']",9
452,Awawa ndi amene amafunika azilamulira dzikoli,Economy,Positive,High,Yes,,Facebook_Comment_Annotation - Fitina.csv,positive,yes,False,45,6,False,False,,positive,awawa ndi amene amafunika azilamulira dzikoli,"['awawa', 'ndi', 'amene', 'amafunika', 'azilamulira', 'dzikoli']",6
375,Eeeeee uyu ni murara,Economy,Positive,Medium,yes,,Facebook_Comment_Annotation - Perpetual.csv,positive,yes,False,20,4,False,False,,positive,eeeeee uyu ni murara,"['eeeeee', 'uyu', 'ni', 'murara']",4
74,Dolo ka handende🔥🔥🔥,Economy,Positive,High,Yes,,Facebook_Comment_Annotation - Viwongo.csv,positive,yes,False,19,3,False,False,,positive,dolo ka handende🔥🔥🔥,"['dolo', 'ka', 'handende🔥🔥🔥']",3
280,Zimachedwa kut izii,Economy,Positive,High,Yes,,Facebook_Comment_Annotation - Rahema.csv,positive,yes,False,19,3,False,False,,positive,zimachedwa kut izii,"['zimachedwa', 'kut', 'izii']",3
225,The Only person in Dowa,Economy,Neutral,Medium,Yes,,Facebook_Comment_Annotation - Thando.csv,neutral,yes,False,23,5,False,False,,neutral,the only person in dowa,"['the', 'only', 'person', 'in', 'dowa']",5
481,Munthu uyuyu amaganiza mwakuya....may this dream come to pass,Economy,Positive,High,Yes,,Facebook_Comment_Annotation - Fitina.csv,positive,yes,False,61,9,False,False,,positive,munthu uyuyu amaganiza mwakuya....may this dream come to pass,"['munthu', 'uyuyu', 'amaganiza', 'mwakuya....may', 'this', 'dream', 'come', 'to', 'pass']",9
1,Someone is working hard to get a degree so that he can be employed by Dzombe in his company while Dzombe has no a degree but is wise that's why Solomon requested wisdom from God not intelligence .God favours everyone .More blessings to Dzombe. Umatirira!!!!,Economy,Positive,High,Yes,,Facebook_Comment_Annotation - Viwongo.csv,positive,yes,False,257,45,False,False,,positive,someone is working hard to get a degree so that he can be employed by dzombe in his company while dzombe has no a degree but is wise that ' s why solomon requested wisdom from god not intelligence .god favours everyone .more blessings to dzombe. umatirira!!!!,"['someone', 'is', 'working', 'hard', 'to', 'get', 'a', 'degree', 'so', 'that', 'he', 'can', 'be', 'employed', 'by', 'dzombe', 'in', 'his', 'company', 'while', 'dzombe', 'has', 'no', 'a', 'degree', 'but', 'is', 'wise', 'that', ""'"", 's', 'why', 'solomon', 'requested', 'wisdom', 'from', 'god', 'not', 'intelligence', '.god', 'favours', 'everyone', '.more', 'blessings', 'to', 'dzombe.', 'umatirira!!!!']",47
28,Size ya Town,Economy,Positive,High,Yes,,Facebook_Comment_Annotation - Viwongo.csv,positive,yes,False,12,3,False,False,,positive,size ya town,"['size', 'ya', 'town']",3
160,Big Brands and brains,Economy,Positive,High,Yes,,Facebook_Comment_Annotation - Alfred.csv,positive,yes,False,21,4,False,False,,positive,big brands and brains,"['big', 'brands', 'and', 'brains']",4
77,Now we can qualify to be agro-based country,Economy,Positive,High,Yes,,Facebook_Comment_Annotation - Viwongo.csv,positive,yes,False,43,8,False,False,,positive,now we can qualify to be agro-based country,"['now', 'we', 'can', 'qualify', 'to', 'be', 'agro-based', 'country']",8
212,Public figure💪💪💥💥💥zelu za madala!!,Economy,Positive,High,Yes,,Facebook_Comment_Annotation - Thando.csv,positive,yes,False,34,4,False,False,,positive,public figure💪💪💥💥💥zelu za madala!!,"['public', 'figure💪💪💥💥💥zelu', 'za', 'madala!!']",4
93,Real meaning of Pangolin,Economy,Positive,High,Yes,,Facebook_Comment_Annotation - Alfred.csv,positive,yes,False,24,4,False,False,,positive,real meaning of pangolin,"['real', 'meaning', 'of', 'pangolin']",4
42,Tawapangeni tag amweko Fanta pa bill yanga,Economy,Positive,High,Yes,,Facebook_Comment_Annotation - Viwongo.csv,positive,yes,False,42,7,False,False,,positive,tawapangeni tag amweko fanta pa bill yanga,"['tawapangeni', 'tag', 'amweko', 'fanta', 'pa', 'bill', 'yanga']",7
357,"Wisdom is never taught, this is a good thing to Malawi",Economy,Positive,Medium,Yes,,Facebook_Comment_Annotation - Perpetual.csv,positive,yes,False,54,11,False,False,,positive,"wisdom is never taught , this is a good thing to malawi","['wisdom', 'is', 'never', 'taught', ',', 'this', 'is', 'a', 'good', 'thing', 'to', 'malawi']",12
321,Congrats,Economy,Positive,High,Yes,,Facebook_Comment_Annotation - Rahema.csv,positive,yes,False,8,1,True,False,,positive,congrats,['congrats'],1
272,Mzeru,Economy,Positive,High,Yes,,Facebook_Comment_Annotation - Rahema.csv,positive,yes,False,5,1,True,False,,positive,mzeru,['mzeru'],1
144,Shasha uyuu,Economy,Positive,High,Yes,,Facebook_Comment_Annotation - Alfred.csv,positive,yes,False,11,2,False,False,,positive,shasha uyuu,"['shasha', 'uyuu']",2
40,Dolo ka 20..,Economy,Positive,High,Yes,,Facebook_Comment_Annotation - Viwongo.csv,positive,yes,False,12,3,False,False,,positive,dolo ka <num> ..,"['dolo', 'ka', '<num>', '..']",4
36,"I do remember his words he said Engineer ndimwana wa school 😂😂😂,Big up Napoleon",Economy,Positive,Medium,Yes,,Facebook_Comment_Annotation - Viwongo.csv,positive,yes,False,79,14,False,False,,positive,"i do remember his words he said engineer ndimwana wa school 😂😂😂 , big up napoleon","['i', 'do', 'remember', 'his', 'words', 'he', 'said', 'engineer', 'ndimwana', 'wa', 'school', '😂😂😂', ',', 'big', 'up', 'napoleon']",16
246,King of malawi,Economy,Positive,High,Yes,,Facebook_Comment_Annotation - Thando.csv,positive,yes,False,14,3,False,False,,positive,king of malawi,"['king', 'of', 'malawi']",3
242,Congratulations to Nazombe for such a great project that can help Malawian to reduce food insecurity in our Country,Economy,Positive,High,Yes,,Facebook_Comment_Annotation - Thando.csv,positive,yes,False,115,19,False,False,,positive,congratulations to nazombe for such a great project that can help malawian to reduce food insecurity in our country,"['congratulations', 'to', 'nazombe', 'for', 'such', 'a', 'great', 'project', 'that', 'can', 'help', 'malawian', 'to', 'reduce', 'food', 'insecurity', 'in', 'our', 'country']",19
119,Dowa ija osazaitola,Politics,Neutral,High,Yes,,Facebook_Comment_Annotation - Alfred.csv,neutral,yes,False,19,3,False,False,,neutral,dowa ija osazaitola,"['dowa', 'ija', 'osazaitola']",3
429,"In Malawi, there are a number of pipo who are doing zolozeka with good intensions, anthu osakonda ndalama koma okonda dziko lawo.....Simbi, Napolion, Bushiri, Namadingo, Mpinganjira, Temwa Chilenga, Mai Mbambande and Tusaiwe i respect you, ndinu madolo heavy. The rest dyera!!!!",Economy,Positive,High,Yes,,Facebook_Comment_Annotation - Fitina.csv,positive,yes,False,278,41,False,False,,positive,"in malawi , there are a number of pipo who are doing zolozeka with good intensions , anthu osakonda ndalama koma okonda dziko lawo.....simbi , napolion , bushiri , namadingo , mpinganjira , temwa chilenga , mai mbambande and tusaiwe i respect you , ndinu madolo heavy. the rest dyera!!!!","['in', 'malawi', ',', 'there', 'are', 'a', 'number', 'of', 'pipo', 'who', 'are', 'doing', 'zolozeka', 'with', 'good', 'intensions', ',', 'anthu', 'osakonda', 'ndalama', 'koma', 'okonda', 'dziko', 'lawo.....simbi', ',', 'napolion', ',', 'bushiri', ',', 'namadingo', ',', 'mpinganjira', ',', 'temwa', 'chilenga', ',', 'mai', 'mbambande', 'and', 'tusaiwe', 'i', 'respect', 'you', ',', 'ndinu', 'madolo', 'heavy.', 'the', 'rest', 'dyera!!!!']",50
483,Izi ndiye zofunika izi,Economy,Positive,High,Yes,,Facebook_Comment_Annotation - Fitina.csv,positive,yes,False,22,4,False,False,,positive,izi ndiye zofunika izi,"['izi', 'ndiye', 'zofunika', 'izi']",4
351,"This is the kind of investiment we need as a nation. Napoleon Dzombe my role model, It is my hope that i will meet you one day to learn more from you.",Economy,positive,High,Yes,,Facebook_Comment_Annotation - Perpetual.csv,positive,yes,False,150,32,False,False,,positive,"this is the kind of investiment we need as a nation. napoleon dzombe my role model , it is my hope that i will meet you one day to learn more from you.","['this', 'is', 'the', 'kind', 'of', 'investiment', 'we', 'need', 'as', 'a', 'nation.', 'napoleon', 'dzombe', 'my', 'role', 'model', ',', 'it', 'is', 'my', 'hope', 'that', 'i', 'will', 'meet', 'you', 'one', 'day', 'to', 'learn', 'more', 'from', 'you.']",33
497,Uku kupezeka ntchito osati Masewera,Economy,Positive,High,Yes,,Facebook_Comment_Annotation - Fitina.csv,positive,yes,False,35,5,False,False,,positive,uku kupezeka ntchito osati masewera,"['uku', 'kupezeka', 'ntchito', 'osati', 'masewera']",5
419,"This guy,atiphule pa moto",Economy,Positive,High,Yes,,Facebook_Comment_Annotation - Fitina.csv,positive,yes,False,25,4,False,False,,positive,"this guy , atiphule pa moto","['this', 'guy', ',', 'atiphule', 'pa', 'moto']",6
247,"Better 
 Congratulations",Economy,Positive,High,Yes,,Facebook_Comment_Annotation - Thando.csv,positive,yes,False,24,2,False,False,,positive,better congratulations,"['better', 'congratulations']",2
274,President 2030 under DPP ndyemweu bas,Economy,Positive,High,Yes,,Facebook_Comment_Annotation - Rahema.csv,positive,yes,False,37,6,False,False,,positive,president <num> under dpp ndyemweu bas,"['president', '<num>', 'under', 'dpp', 'ndyemweu', 'bas']",6
499,Zamphamvu,Economy,Positive,High,Yes,,Facebook_Comment_Annotation - Fitina.csv,positive,yes,False,9,1,True,False,,positive,zamphamvu,['zamphamvu'],1
318,Build Malawi,Economy,Positive,High,Yes,,Facebook_Comment_Annotation - Rahema.csv,positive,yes,False,12,2,False,False,,positive,build malawi,"['build', 'malawi']",2
484,Pamenepa tikhoza kukharano safe than kudalira zandalez,Economy,Negative,Low,Yes,,Facebook_Comment_Annotation - Fitina.csv,negative,yes,False,54,7,False,False,,negative,pamenepa tikhoza kukharano safe than kudalira zandalez,"['pamenepa', 'tikhoza', 'kukharano', 'safe', 'than', 'kudalira', 'zandalez']",7
157,My model nadzombe,Economy,Positive,High,Yes,,Facebook_Comment_Annotation - Alfred.csv,positive,yes,False,17,3,False,False,,positive,my model nadzombe,"['my', 'model', 'nadzombe']",3
460,uyuyu n shata 💥💪,Economy,Positive,High,Yes,,Facebook_Comment_Annotation - Fitina.csv,positive,yes,False,16,4,False,False,,positive,uyuyu n shata 💥💪,"['uyuyu', 'n', 'shata', '💥💪']",4
228,Yaza weni weni,Economy,Positive,High,Yes,,Facebook_Comment_Annotation - Thando.csv,positive,yes,False,14,3,False,False,,positive,yaza weni weni,"['yaza', 'weni', 'weni']",3
210,Dowa ija kuno zamphavu,Economy,Positive,High,Yes,,Facebook_Comment_Annotation - Thando.csv,positive,yes,False,22,4,False,False,,positive,dowa ija kuno zamphavu,"['dowa', 'ija', 'kuno', 'zamphavu']",4
457,Malawi 2063🔥,Economy,Positive,High,Yes,,Facebook_Comment_Annotation - Fitina.csv,positive,yes,False,12,2,False,False,,positive,malawi <num> 🔥,"['malawi', '<num>', '🔥']",3
306,The Power of the innovative minds 🔥,Economy,Positive,High,Yes,,Facebook_Comment_Annotation - Rahema.csv,positive,yes,False,35,7,False,False,,positive,the power of the innovative minds 🔥,"['the', 'power', 'of', 'the', 'innovative', 'minds', '🔥']",7
17,I think our politicians can learn a bog lesson this man!,Economy,Positive,Medium,Yes,,Facebook_Comment_Annotation - Viwongo.csv,positive,yes,False,56,11,False,False,,positive,i think our politicians can learn a bog lesson this man!,"['i', 'think', 'our', 'politicians', 'can', 'learn', 'a', 'bog', 'lesson', 'this', 'man!']",11
329,Katundu 🔥,Economy,Positive,High,Yes,,Facebook_Comment_Annotation - Rahema.csv,positive,yes,False,9,2,False,False,,positive,katundu 🔥,"['katundu', '🔥']",2
325,Apite ku LUANAR akakhare Lecturer 🔥✅,Economy,Positive,High,Yes,,Facebook_Comment_Annotation - Rahema.csv,positive,yes,False,36,6,False,False,,positive,apite ku luanar akakhare lecturer 🔥✅,"['apite', 'ku', 'luanar', 'akakhare', 'lecturer', '🔥✅']",6
173,"Moreee grace 
 More blessings 
 More wisdom 
 More money 
 
 Mr Dzombe",Economy,Neutral,High,Yes,,Facebook_Comment_Annotation - Thando.csv,neutral,yes,False,70,10,False,False,,neutral,moreee grace more blessings more wisdom more money mr dzombe,"['moreee', 'grace', 'more', 'blessings', 'more', 'wisdom', 'more', 'money', 'mr', 'dzombe']",10
116,"The brilliant guy,,the way I 💕",Economy,Positive,High,Yes,,Facebook_Comment_Annotation - Alfred.csv,positive,yes,False,30,6,False,False,,positive,"the brilliant guy , , the way i 💕","['the', 'brilliant', 'guy', ',', ',', 'the', 'way', 'i', '💕']",9
221,Thus why dowa is independent country in Malawi under president Dr. Laz Chakwera,Economy,Neutral,Medium,Yes,,Facebook_Comment_Annotation - Thando.csv,neutral,yes,False,79,13,False,False,,neutral,thus why dowa is independent country in malawi under president dr. laz chakwera,"['thus', 'why', 'dowa', 'is', 'independent', 'country', 'in', 'malawi', 'under', 'president', 'dr.', 'laz', 'chakwera']",13
299,Izi ndizomwe tinkadikilira,Economy,Positive,High,Yes,,Facebook_Comment_Annotation - Rahema.csv,positive,yes,False,26,3,False,False,,positive,izi ndizomwe tinkadikilira,"['izi', 'ndizomwe', 'tinkadikilira']",3
490,Dolo ka million,Economy,Positive,High,Yes,,Facebook_Comment_Annotation - Fitina.csv,positive,yes,False,15,3,False,False,,positive,dolo ka million,"['dolo', 'ka', 'million']",3
51,"This one, Bushiri, Simbi Phiri, Mpinganjira and few notable individuals are the only motivational speakers who can boldly advise me on finance, otherwise the rest should be football commentators or tobacco auction callers😂🤣😂😆",Economy,Positive,High,Yes,,Facebook_Comment_Annotation - Viwongo.csv,positive,yes,False,225,33,False,False,,positive,"this one , bushiri , simbi phiri , mpinganjira and few notable individuals are the only motivational speakers who can boldly advise me on finance , otherwise the rest should be football commentators or tobacco auction callers😂🤣😂😆","['this', 'one', ',', 'bushiri', ',', 'simbi', 'phiri', ',', 'mpinganjira', 'and', 'few', 'notable', 'individuals', 'are', 'the', 'only', 'motivational', 'speakers', 'who', 'can', 'boldly', 'advise', 'me', 'on', 'finance', ',', 'otherwise', 'the', 'rest', 'should', 'be', 'football', 'commentators', 'or', 'tobacco', 'auction', 'callers😂🤣😂😆']",37
192,Dowa osadzaynyoza kuli zkazodalilika,Politics,Neutral,High,Yes,,Facebook_Comment_Annotation - Thando.csv,neutral,yes,False,36,4,False,False,,neutral,dowa osadzaynyoza kuli zkazodalilika,"['dowa', 'osadzaynyoza', 'kuli', 'zkazodalilika']",4
50,"Hope they will be opting in Organic manure production too..
 We don't wanna Alkaline all our land now, do we??
 Soil acidic can be more concerning than the affordability and availability of the Fertilizer.
 Well done Mr Dzombe.",Economy,Neutral,High,Yes,,Facebook_Comment_Annotation - Viwongo.csv,neutral,yes,False,227,38,False,False,,neutral,"hope they will be opting in organic manure production too.. we don ' t wanna alkaline all our land now , do we?? soil acidic can be more concerning than the affordability and availability of the fertilizer. well done mr dzombe.","['hope', 'they', 'will', 'be', 'opting', 'in', 'organic', 'manure', 'production', 'too..', 'we', 'don', ""'"", 't', 'wanna', 'alkaline', 'all', 'our', 'land', 'now', ',', 'do', 'we??', 'soil', 'acidic', 'can', 'be', 'more', 'concerning', 'than', 'the', 'affordability', 'and', 'availability', 'of', 'the', 'fertilizer.', 'well', 'done', 'mr', 'dzombe.']",41
420,Good development,Economy,Positive,High,Yes,,Facebook_Comment_Annotation - Fitina.csv,positive,yes,False,16,2,False,False,,positive,good development,"['good', 'development']",2
391,He's an answer than Malawi government,Economy,Positive,high,yes,,Facebook_Comment_Annotation - Perpetual.csv,positive,yes,False,37,6,False,False,,positive,he ' s an answer than malawi government,"['he', ""'"", 's', 'an', 'answer', 'than', 'malawi', 'government']",8
147,We're rich already,Economy,Positive,High,Yes,,Facebook_Comment_Annotation - Alfred.csv,positive,yes,False,18,3,False,False,,positive,we ' re rich already,"['we', ""'"", 're', 'rich', 'already']",5
438,ANDALE AKWIYA APAPA! kufuna kuba bas,Economy,Negative,High,Yes,,Facebook_Comment_Annotation - Fitina.csv,negative,yes,False,36,6,False,False,,negative,andale akwiya apapa! kufuna kuba bas,"['andale', 'akwiya', 'apapa!', 'kufuna', 'kuba', 'bas']",6
233,Dowa ndiya madolo 🔥 musamaphweketse ma guy😂,Economy,Positive,High,Yes,,Facebook_Comment_Annotation - Thando.csv,positive,yes,False,43,7,False,False,,positive,dowa ndiya madolo 🔥 musamaphweketse ma guy😂,"['dowa', 'ndiya', 'madolo', '🔥', 'musamaphweketse', 'ma', 'guy😂']",7
65,Zeru za adada🔥🔥,Economy,Positive,High,Yes,,Facebook_Comment_Annotation - Viwongo.csv,positive,yes,False,15,3,False,False,,positive,zeru za adada🔥🔥,"['zeru', 'za', 'adada🔥🔥']",3
145,I'd buy shares in this project 💯,Economy,Positive,High,Yes,,Facebook_Comment_Annotation - Alfred.csv,positive,yes,False,32,7,False,False,,positive,i ' d buy shares in this project 💯,"['i', ""'"", 'd', 'buy', 'shares', 'in', 'this', 'project', '💯']",9
305,"Mr dzombe is doing the best mwina dzombe linakakhala boma ,boma nkukhala dzombe",Economy,Positive,High,Yes,,Facebook_Comment_Annotation - Rahema.csv,positive,yes,False,79,13,False,False,,positive,"mr dzombe is doing the best mwina dzombe linakakhala boma , boma nkukhala dzombe","['mr', 'dzombe', 'is', 'doing', 'the', 'best', 'mwina', 'dzombe', 'linakakhala', 'boma', ',', 'boma', 'nkukhala', 'dzombe']",14
269,"We need such people in our country, people with vision",Economy,Positive,High,Yes,,Facebook_Comment_Annotation - Rahema.csv,positive,yes,False,54,10,False,False,,positive,"we need such people in our country , people with vision","['we', 'need', 'such', 'people', 'in', 'our', 'country', ',', 'people', 'with', 'vision']",11
334,"Learning by doing approach, that's wonderful 🔥 🔥.",Economy,positive,High,Yes,teaching method,Facebook_Comment_Annotation - Perpetual.csv,positive,yes,False,49,8,False,False,,positive,"learning by doing approach , that ' s wonderful 🔥 🔥.","['learning', 'by', 'doing', 'approach', ',', 'that', ""'"", 's', 'wonderful', '🔥', '🔥.']",11
362,Athu kom ameneo osati anyani aj,Economy,negative,High,Yes,,Facebook_Comment_Annotation - Perpetual.csv,negative,yes,False,31,6,False,False,,negative,athu kom ameneo osati anyani aj,"['athu', 'kom', 'ameneo', 'osati', 'anyani', 'aj']",6
2,That guy he will be our malawian Elon musk,Economy,Positive,High,Yes,A comparison to a big public figure of wealth,Facebook_Comment_Annotation - Viwongo.csv,positive,yes,False,42,9,False,False,,positive,that guy he will be our malawian elon musk,"['that', 'guy', 'he', 'will', 'be', 'our', 'malawian', 'elon', 'musk']",9
139,Dowa sigawa kamba ❤️,Politics,Neutral,High,Yes,,Facebook_Comment_Annotation - Alfred.csv,neutral,yes,False,20,4,False,False,,neutral,dowa sigawa kamba ❤️,"['dowa', 'sigawa', 'kamba', '❤️']",4
273,Great minds..💯,Economy,Positive,High,Yes,,Facebook_Comment_Annotation - Rahema.csv,positive,yes,False,14,2,False,False,,positive,great minds..💯,"['great', 'minds..💯']",2
369,Where is simbi and mpinganjira project bushiri has goshen Dzimba has this,Economy,negative,High,yes,,Facebook_Comment_Annotation - Perpetual.csv,negative,yes,False,73,12,False,False,,negative,where is simbi and mpinganjira project bushiri has goshen dzimba has this,"['where', 'is', 'simbi', 'and', 'mpinganjira', 'project', 'bushiri', 'has', 'goshen', 'dzimba', 'has', 'this']",12
191,At last we have someone igneous from Dowa,Economy,Positive,High,Yes,,Facebook_Comment_Annotation - Thando.csv,positive,yes,False,41,8,False,False,,positive,at last we have someone igneous from dowa,"['at', 'last', 'we', 'have', 'someone', 'igneous', 'from', 'dowa']",8
102,Ma set a clean,Economy,Positive,High,Yes,,Facebook_Comment_Annotation - Alfred.csv,positive,yes,False,14,4,False,False,,positive,ma set a clean,"['ma', 'set', 'a', 'clean']",4
354,That's great 👍🏾👍🏾,Economy,Positive,Medium,Yes,,Facebook_Comment_Annotation - Perpetual.csv,positive,yes,False,17,3,False,False,,positive,that ' s great 👍🏾👍🏾,"['that', ""'"", 's', 'great', '👍🏾👍🏾']",5
81,Tsotsi Prince dzombee 🤣🤣 Asante E Sâññîê,Economy,Positive,High,Yes,,Facebook_Comment_Annotation - Viwongo.csv,positive,yes,False,40,7,False,False,,positive,tsotsi prince dzombee 🤣🤣 asante e sâññîê,"['tsotsi', 'prince', 'dzombee', '🤣🤣', 'asante', 'e', 'sâññîê']",7
98,Mbambande 🔥,Economy,Positive,High,Yes,,Facebook_Comment_Annotation - Alfred.csv,positive,yes,False,11,2,False,False,,positive,mbambande 🔥,"['mbambande', '🔥']",2
13,The leader who had no tittle✌️✌️,Economy,Positive,High,Yes,,Facebook_Comment_Annotation - Viwongo.csv,positive,yes,False,32,6,False,False,,positive,the leader who had no tittle✌️✌️,"['the', 'leader', 'who', 'had', 'no', 'tittle✌️✌️']",6
113,Kulima kwamphweka🤩,Economy,Positive,High,Yes,,Facebook_Comment_Annotation - Alfred.csv,positive,yes,False,18,2,False,False,,positive,kulima kwamphweka🤩,"['kulima', 'kwamphweka🤩']",2
332,Zamphamvu kwambiri,Economy,positive,Medium,Yes,praise,Facebook_Comment_Annotation - Perpetual.csv,positive,yes,False,18,2,False,False,,positive,zamphamvu kwambiri,"['zamphamvu', 'kwambiri']",2
122,Degree njachabe chabe kumalawi😅,Education,Negative,High,Yes,,Facebook_Comment_Annotation - Alfred.csv,negative,yes,False,31,4,False,False,,negative,degree njachabe chabe kumalawi😅,"['degree', 'njachabe', 'chabe', 'kumalawi😅']",4
219,Thats away to go 🔥🔥,Economy,Positive,High,Yes,,Facebook_Comment_Annotation - Thando.csv,positive,yes,False,19,5,False,False,,positive,thats away to go 🔥🔥,"['thats', 'away', 'to', 'go', '🔥🔥']",5
146,Dolo ... Born intelligent.,Economy,Positive,High,Yes,,Facebook_Comment_Annotation - Alfred.csv,positive,yes,False,26,4,False,False,,positive,dolo ... born intelligent.,"['dolo', '...', 'born', 'intelligent.']",4
405,Ameneuja ndi ziko paekha,Economy,Neutral,Medium,Yes,,Facebook_Comment_Annotation - Perpetual.csv,neutral,yes,False,24,4,False,False,,neutral,ameneuja ndi ziko paekha,"['ameneuja', 'ndi', 'ziko', 'paekha']",4
342,"Dear God, as far as Malawi is concerned. A Napoleon 5 ndiokwanira.",Economy,positive,Medium,Yes,leadership,Facebook_Comment_Annotation - Perpetual.csv,positive,yes,False,66,12,False,False,,positive,"dear god , as far as malawi is concerned. a napoleon <num> ndiokwanira.","['dear', 'god', ',', 'as', 'far', 'as', 'malawi', 'is', 'concerned.', 'a', 'napoleon', '<num>', 'ndiokwanira.']",13
172,This is what we needed.. Well done Mr...... Next tione simbi nd mpinganjila kut nawoso atana after bushir and nazombe,Economy,Neutral,High,Yes,,Facebook_Comment_Annotation - Thando.csv,neutral,yes,False,117,20,False,False,,neutral,this is what we needed.. well done mr...... next tione simbi nd mpinganjila kut nawoso atana after bushir and nazombe,"['this', 'is', 'what', 'we', 'needed..', 'well', 'done', 'mr......', 'next', 'tione', 'simbi', 'nd', 'mpinganjila', 'kut', 'nawoso', 'atana', 'after', 'bushir', 'and', 'nazombe']",20
336,Something that the presidents failed to do!🔥,Economy,positive,High,Yes,leadership comparison,Facebook_Comment_Annotation - Perpetual.csv,positive,yes,False,44,7,False,False,,positive,something that the presidents failed to do!🔥,"['something', 'that', 'the', 'presidents', 'failed', 'to', 'do!🔥']",7
134,"Long live Elder, our Dangote.! ma Bra Bus angat awa 😂😂😂😂",Economy,Positive,High,Yes,,Facebook_Comment_Annotation - Alfred.csv,positive,yes,False,56,11,False,False,,positive,"long live elder , our dangote.! ma bra bus angat awa 😂😂😂😂","['long', 'live', 'elder', ',', 'our', 'dangote.!', 'ma', 'bra', 'bus', 'angat', 'awa', '😂😂😂😂']",12
264,Chi goat amwene🔥🔥🔥,Economy,Positive,High,Yes,,Facebook_Comment_Annotation - Rahema.csv,positive,yes,False,18,3,False,False,,positive,chi goat amwene🔥🔥🔥,"['chi', 'goat', 'amwene🔥🔥🔥']",3
390,This guy must be respected indeed,Economy,Positive,high,yes,,Facebook_Comment_Annotation - Perpetual.csv,positive,yes,False,33,6,False,False,,positive,this guy must be respected indeed,"['this', 'guy', 'must', 'be', 'respected', 'indeed']",6
485,Good kwa good Mr Napoleon,Economy,Positive,High,Yes,,Facebook_Comment_Annotation - Fitina.csv,positive,yes,False,25,5,False,False,,positive,good kwa good mr napoleon,"['good', 'kwa', 'good', 'mr', 'napoleon']",5
135,Mzibambo 🙌,Economy,Neutral,High,Yes,,Facebook_Comment_Annotation - Alfred.csv,neutral,yes,False,10,2,False,False,,neutral,mzibambo 🙌,"['mzibambo', '🙌']",2
428,Congratulations 🎊,Economy,Positive,High,Yes,,Facebook_Comment_Annotation - Fitina.csv,positive,yes,False,17,2,False,False,,positive,congratulations 🎊,"['congratulations', '🎊']",2
443,Congratulations Bwana Napoleon Dzombe,Economy,Positive,High,Yes,,Facebook_Comment_Annotation - Fitina.csv,positive,yes,False,37,4,False,False,,positive,congratulations bwana napoleon dzombe,"['congratulations', 'bwana', 'napoleon', 'dzombe']",4
268,Zapamwamba kwambiri tiyeni titukule #Malawi,Economy,Positive,High,Yes,,Facebook_Comment_Annotation - Rahema.csv,positive,yes,False,43,5,False,False,,positive,zapamwamba kwambiri tiyeni titukule #malawi,"['zapamwamba', 'kwambiri', 'tiyeni', 'titukule', '#malawi']",5
101,Goat,Economy,Positive,High,Yes,,Facebook_Comment_Annotation - Alfred.csv,positive,yes,False,4,1,True,False,,positive,goat,['goat'],1
117,"As a country we failed this,, Boom Dzombe has done it!!",Economy,Positive,High,Yes,,Facebook_Comment_Annotation - Alfred.csv,positive,yes,False,55,11,False,False,,positive,"as a country we failed this , , boom dzombe has done it!!","['as', 'a', 'country', 'we', 'failed', 'this', ',', ',', 'boom', 'dzombe', 'has', 'done', 'it!!']",13
315,"Mechanical engineers
 Industrial Engineers
 Chemical Engineers
 Accountants 
 Journalists
 
 And many more notable fields will be employed here by someone who never submitted an assignment.
 
 Zeru zapa ndalama sizimafunika sukulu yapatali nkhan ndikumvetsa mene business ingayendele basi.
 
 #Bravo our own home made billionaire 
 Dowa osadzayitola even 200 metric tones yomwe APM akugula Zambia ija kulowa mu misika ya ku Dowa atha kukayipeza.",Economy,Neutral,Medium,Yes,,Facebook_Comment_Annotation - Rahema.csv,neutral,yes,False,445,61,False,False,,neutral,mechanical engineers industrial engineers chemical engineers accountants journalists and many more notable fields will be employed here by someone who never submitted an assignment. zeru zapa ndalama sizimafunika sukulu yapatali nkhan ndikumvetsa mene business ingayendele basi. #bravo our own home made billionaire dowa osadzayitola even <num> metric tones yomwe apm akugula zambia ija kulowa mu misika ya ku dowa atha kukayipeza.,"['mechanical', 'engineers', 'industrial', 'engineers', 'chemical', 'engineers', 'accountants', 'journalists', 'and', 'many', 'more', 'notable', 'fields', 'will', 'be', 'employed', 'here', 'by', 'someone', 'who', 'never', 'submitted', 'an', 'assignment.', 'zeru', 'zapa', 'ndalama', 'sizimafunika', 'sukulu', 'yapatali', 'nkhan', 'ndikumvetsa', 'mene', 'business', 'ingayendele', 'basi.', '#bravo', 'our', 'own', 'home', 'made', 'billionaire', 'dowa', 'osadzayitola', 'even', '<num>', 'metric', 'tones', 'yomwe', 'apm', 'akugula', 'zambia', 'ija', 'kulowa', 'mu', 'misika', 'ya', 'ku', 'dowa', 'atha', 'kukayipeza.']",61
423,Malawian Dangote,Economy,Positive,High,Yes,,Facebook_Comment_Annotation - Fitina.csv,positive,yes,False,16,2,False,False,,positive,malawian dangote,"['malawian', 'dangote']",2
384,Chandale china chakwiyilatu hahahahahaha apa Dzombe wabudula mmemo wa Minister of Agricuture,Economy,negative,high,yes,,Facebook_Comment_Annotation - Perpetual.csv,negative,yes,False,92,12,False,False,,negative,chandale china chakwiyilatu hahahahahaha apa dzombe wabudula mmemo wa minister of agricuture,"['chandale', 'china', 'chakwiyilatu', 'hahahahahaha', 'apa', 'dzombe', 'wabudula', 'mmemo', 'wa', 'minister', 'of', 'agricuture']",12
89,"We do call this "" Japan in Malawi 🇲🇼""😁🙌",Economy,Positive,High,Yes,,Facebook_Comment_Annotation - Alfred.csv,positive,yes,False,39,9,False,False,,positive,"we do call this "" japan in malawi 🇲🇼 "" 😁🙌","['we', 'do', 'call', 'this', '""', 'japan', 'in', 'malawi', '🇲🇼', '""', '😁🙌']",11
291,The great one,Economy,Positive,High,Yes,,Facebook_Comment_Annotation - Rahema.csv,positive,yes,False,13,3,False,False,,positive,the great one,"['the', 'great', 'one']",3
494,Asaaaaaaaa nzeru tu izi,Economy,Positive,High,Yes,,Facebook_Comment_Annotation - Fitina.csv,positive,yes,False,23,4,False,False,,positive,asaaaaaaaa nzeru tu izi,"['asaaaaaaaa', 'nzeru', 'tu', 'izi']",4
91,Dowa siku Malawi 🙌,Politics,Neutral,High,Yes,,Facebook_Comment_Annotation - Alfred.csv,neutral,yes,False,18,4,False,False,,neutral,dowa siku malawi 🙌,"['dowa', 'siku', 'malawi', '🙌']",4
462,Welcome iwe napolo zombe😂💬,Economy,Positive,High,Yes,,Facebook_Comment_Annotation - Fitina.csv,positive,yes,False,26,4,False,False,,positive,welcome iwe napolo zombe😂💬,"['welcome', 'iwe', 'napolo', 'zombe😂💬']",4
487,"This is beautiful 
 
 Ambuye awa muzingowadalitsa ndipo apatseni moyo wautali",Economy,Positive,High,Yes,,Facebook_Comment_Annotation - Fitina.csv,positive,yes,False,77,10,False,False,,positive,this is beautiful ambuye awa muzingowadalitsa ndipo apatseni moyo wautali,"['this', 'is', 'beautiful', 'ambuye', 'awa', 'muzingowadalitsa', 'ndipo', 'apatseni', 'moyo', 'wautali']",10
245,"Machine, great job",Economy,Positive,High,Yes,,Facebook_Comment_Annotation - Thando.csv,positive,yes,False,18,3,False,False,,positive,"machine , great job","['machine', ',', 'great', 'job']",4
401,"Mwini Dowa .
 under the Leadership of APM",Economy,Neutral,Medium,Yes,,Facebook_Comment_Annotation - Perpetual.csv,neutral,yes,False,41,8,False,False,,neutral,mwini dowa . under the leadership of apm,"['mwini', 'dowa', '.', 'under', 'the', 'leadership', 'of', 'apm']",8
141,DPP cadets think it's Al,Politics,Negative,High,Yes,,Facebook_Comment_Annotation - Alfred.csv,negative,yes,False,24,5,False,False,,negative,dpp cadets think it ' s al,"['dpp', 'cadets', 'think', 'it', ""'"", 's', 'al']",7
218,Bravo napoleon,Economy,Positive,High,Yes,,Facebook_Comment_Annotation - Thando.csv,positive,yes,False,14,2,False,False,,positive,bravo napoleon,"['bravo', 'napoleon']",2
448,Azibambo awa 🔥🔥🔥,Economy,Positive,High,Yes,,Facebook_Comment_Annotation - Fitina.csv,positive,yes,False,16,3,False,False,,positive,azibambo awa 🔥🔥🔥,"['azibambo', 'awa', '🔥🔥🔥']",3
199,Ochewa ozelu 🥰,Economy,Positive,High,Yes,,Facebook_Comment_Annotation - Thando.csv,positive,yes,False,14,3,False,False,,positive,ochewa ozelu 🥰,"['ochewa', 'ozelu', '🥰']",3
355,That's great,Economy,Positive,Medium,Yes,,Facebook_Comment_Annotation - Perpetual.csv,positive,yes,False,12,2,False,False,,positive,that ' s great,"['that', ""'"", 's', 'great']",4
33,Our own pangolin,Economy,Positive,High,Yes,,Facebook_Comment_Annotation - Viwongo.csv,positive,yes,False,16,3,False,False,,positive,our own pangolin,"['our', 'own', 'pangolin']",3
322,Kasongo,Economy,Positive,High,Yes,,Facebook_Comment_Annotation - Rahema.csv,positive,yes,False,7,1,True,False,,positive,kasongo,['kasongo'],1
492,Zeru za bamboo,Economy,Neutral,High,Yes,,Facebook_Comment_Annotation - Fitina.csv,neutral,yes,False,14,3,False,False,,neutral,zeru za bamboo,"['zeru', 'za', 'bamboo']",3
459,Dzombe nd katundu,Economy,Positive,High,Yes,,Facebook_Comment_Annotation - Fitina.csv,positive,yes,False,17,3,False,False,,positive,dzombe nd katundu,"['dzombe', 'nd', 'katundu']",3
16,Uyuyu osazamutola,Economy,Positive,Medium,Yes,,Facebook_Comment_Annotation - Viwongo.csv,positive,yes,False,17,2,False,False,,positive,uyuyu osazamutola,"['uyuyu', 'osazamutola']",2
326,Ndipo titakhala nawo 5 anthu otelewa sitingakhaleso pa top 5 of poorest country in the world,Economy,Positive,High,Yes,,Facebook_Comment_Annotation - Rahema.csv,positive,yes,False,92,16,False,False,,positive,ndipo titakhala nawo <num> anthu otelewa sitingakhaleso pa top <num> of poorest country in the world,"['ndipo', 'titakhala', 'nawo', '<num>', 'anthu', 'otelewa', 'sitingakhaleso', 'pa', 'top', '<num>', 'of', 'poorest', 'country', 'in', 'the', 'world']",16
29,cutting the snake's head,Economy,Positive,High,Yes,,Facebook_Comment_Annotation - Viwongo.csv,positive,yes,False,24,4,False,False,,positive,cutting the snake ' s head,"['cutting', 'the', 'snake', ""'"", 's', 'head']",6
271,Bravo,Economy,Positive,High,Yes,,Facebook_Comment_Annotation - Rahema.csv,positive,yes,False,5,1,True,False,,positive,bravo,['bravo'],1
5,We want more Napoleon Dzombes than Politicians.,Economy,Positive,High,Yes,They are showing support by asking for more people like the man in the spotliight,Facebook_Comment_Annotation - Viwongo.csv,positive,yes,False,47,7,False,False,,positive,we want more napoleon dzombes than politicians.,"['we', 'want', 'more', 'napoleon', 'dzombes', 'than', 'politicians.']",7
86,Under the dynamic of professor peter mnthalika 🔥🔥🔥,Politics,Neutral,High,Yes,,Facebook_Comment_Annotation - Alfred.csv,neutral,yes,False,50,8,False,False,,neutral,under the dynamic of professor peter mnthalika 🔥🔥🔥,"['under', 'the', 'dynamic', 'of', 'professor', 'peter', 'mnthalika', '🔥🔥🔥']",8
7,Zeru zabambo,Economy,Positive,High,Yes,,Facebook_Comment_Annotation - Viwongo.csv,positive,yes,False,12,2,False,False,,positive,zeru zabambo,"['zeru', 'zabambo']",2
25,Napoleon is an idea. A Concept ❤️,Economy,Positive,High,Yes,,Facebook_Comment_Annotation - Viwongo.csv,positive,yes,False,33,7,False,False,,positive,napoleon is an idea. a concept ❤️,"['napoleon', 'is', 'an', 'idea.', 'a', 'concept', '❤️']",7
344,"Zomwe dzombe sangapange,boma la Malawi silingalote mkomwe kuziyamba, president wa world of dowa!!nzeru za bambo okonda kwawo,kuika ndalama Malo oyenera,palibe angati mademo tikaphwanye katundu wa mtalimanja, or wachipani atalodzedwa bwanji sangatase manja ake uku, nzeru za bambo indeed!!!",Economy,positive,High,Yes,comparison praise,Facebook_Comment_Annotation - Perpetual.csv,positive,yes,False,289,38,False,False,,positive,"zomwe dzombe sangapange , boma la malawi silingalote mkomwe kuziyamba , president wa world of dowa!!nzeru za bambo okonda kwawo , kuika ndalama malo oyenera , palibe angati mademo tikaphwanye katundu wa mtalimanja , or wachipani atalodzedwa bwanji sangatase manja ake uku , nzeru za bambo indeed!!!","['zomwe', 'dzombe', 'sangapange', ',', 'boma', 'la', 'malawi', 'silingalote', 'mkomwe', 'kuziyamba', ',', 'president', 'wa', 'world', 'of', 'dowa!!nzeru', 'za', 'bambo', 'okonda', 'kwawo', ',', 'kuika', 'ndalama', 'malo', 'oyenera', ',', 'palibe', 'angati', 'mademo', 'tikaphwanye', 'katundu', 'wa', 'mtalimanja', ',', 'or', 'wachipani', 'atalodzedwa', 'bwanji', 'sangatase', 'manja', 'ake', 'uku', ',', 'nzeru', 'za', 'bambo', 'indeed!!!']",47
431,good news,Economy,Positive,High,Yes,,Facebook_Comment_Annotation - Fitina.csv,positive,yes,False,9,2,False,False,,positive,good news,"['good', 'news']",2
372,"It's high time malawi give an opportunity to fellow malawian who are capable investing in their own country the likes of Napoleon, Simbi, Bushiri, Mpinganjira etc",Economy,Positive,High,yes,,Facebook_Comment_Annotation - Perpetual.csv,positive,yes,False,162,26,False,False,,positive,"it ' s high time malawi give an opportunity to fellow malawian who are capable investing in their own country the likes of napoleon , simbi , bushiri , mpinganjira etc","['it', ""'"", 's', 'high', 'time', 'malawi', 'give', 'an', 'opportunity', 'to', 'fellow', 'malawian', 'who', 'are', 'capable', 'investing', 'in', 'their', 'own', 'country', 'the', 'likes', 'of', 'napoleon', ',', 'simbi', ',', 'bushiri', ',', 'mpinganjira', 'etc']",31
235,People who deserve much respect,Economy,Positive,High,Yes,,Facebook_Comment_Annotation - Thando.csv,positive,yes,False,31,5,False,False,,positive,people who deserve much respect,"['people', 'who', 'deserve', 'much', 'respect']",5
180,Best to do is more practical then theory,Economy,Positive,High,Yes,,Facebook_Comment_Annotation - Thando.csv,positive,yes,False,40,8,False,False,,positive,best to do is more practical then theory,"['best', 'to', 'do', 'is', 'more', 'practical', 'then', 'theory']",8
313,Nzeru zokhazokha,Economy,Positive,High,Yes,,Facebook_Comment_Annotation - Rahema.csv,positive,yes,False,16,2,False,False,,positive,nzeru zokhazokha,"['nzeru', 'zokhazokha']",2
352,Osat kumangolubwa lubwa,Economy,negative,Medium,Yes,,Facebook_Comment_Annotation - Perpetual.csv,negative,yes,False,23,3,False,False,,negative,osat kumangolubwa lubwa,"['osat', 'kumangolubwa', 'lubwa']",3
283,That's a nice story,Economy,Positive,High,Yes,,Facebook_Comment_Annotation - Rahema.csv,positive,yes,False,19,4,False,False,,positive,that ' s a nice story,"['that', ""'"", 's', 'a', 'nice', 'story']",6
154,Tili safe,Economy,Neutral,High,Yes,,Facebook_Comment_Annotation - Alfred.csv,neutral,yes,False,9,2,False,False,,neutral,tili safe,"['tili', 'safe']",2
277,This is Good news,Economy,Positive,High,Yes,,Facebook_Comment_Annotation - Rahema.csv,positive,yes,False,17,4,False,False,,positive,this is good news,"['this', 'is', 'good', 'news']",4
467,Dowa family,Economy,Neutral,Medium,Yes,,Facebook_Comment_Annotation - Fitina.csv,neutral,yes,False,11,2,False,False,,neutral,dowa family,"['dowa', 'family']",2
80,Unja nd dolo,Economy,Positive,High,Yes,,Facebook_Comment_Annotation - Viwongo.csv,positive,yes,False,12,3,False,False,,positive,unja nd dolo,"['unja', 'nd', 'dolo']",3
493,Anthu a Dowa amenewo,Economy,Neutral,Medium,Yes,,Facebook_Comment_Annotation - Fitina.csv,neutral,yes,False,20,4,False,False,,neutral,anthu a dowa amenewo,"['anthu', 'a', 'dowa', 'amenewo']",4
282,May he live longer,Economy,Positive,High,Yes,,Facebook_Comment_Annotation - Rahema.csv,positive,yes,False,18,4,False,False,,positive,may he live longer,"['may', 'he', 'live', 'longer']",4
239,God bless the man,Economy,Positive,High,Yes,,Facebook_Comment_Annotation - Thando.csv,positive,yes,False,17,4,False,False,,positive,god bless the man,"['god', 'bless', 'the', 'man']",4
183,Mchewa wamzeru 🔥🔥🔥,Economy,Positive,High,Yes,,Facebook_Comment_Annotation - Thando.csv,positive,yes,False,18,3,False,False,,positive,mchewa wamzeru 🔥🔥🔥,"['mchewa', 'wamzeru', '🔥🔥🔥']",3
22,Abomawa zimawavuta Pati?,Economy,Positive,High,Yes,,Facebook_Comment_Annotation - Viwongo.csv,positive,yes,False,24,3,False,False,,positive,abomawa zimawavuta pati?,"['abomawa', 'zimawavuta', 'pati?']",3
167,"No degree or diploma from school ,while others are still bizy studying to have papers to bring in their mind vision to bring development in country ,while napoleon village man wise, than educated people with their papers , Mr napoleon he has remind me story of Solomon son of David always he stand for wisdom not degree and diploma ,",Education,Negative,High,Yes,,Facebook_Comment_Annotation - Alfred.csv,negative,yes,False,333,60,False,False,,negative,"no degree or diploma from school , while others are still bizy studying to have papers to bring in their mind vision to bring development in country , while napoleon village man wise , than educated people with their papers , mr napoleon he has remind me story of solomon son of david always he stand for wisdom not degree and diploma ,","['no', 'degree', 'or', 'diploma', 'from', 'school', ',', 'while', 'others', 'are', 'still', 'bizy', 'studying', 'to', 'have', 'papers', 'to', 'bring', 'in', 'their', 'mind', 'vision', 'to', 'bring', 'development', 'in', 'country', ',', 'while', 'napoleon', 'village', 'man', 'wise', ',', 'than', 'educated', 'people', 'with', 'their', 'papers', ',', 'mr', 'napoleon', 'he', 'has', 'remind', 'me', 'story', 'of', 'solomon', 'son', 'of', 'david', 'always', 'he', 'stand', 'for', 'wisdom', 'not', 'degree', 'and', 'diploma', ',']",63
466,"Good development,",Economy,Positive,Medium,Yes,,Facebook_Comment_Annotation - Fitina.csv,positive,yes,False,17,2,False,False,,positive,"good development ,","['good', 'development', ',']",3
424,Nzeru,Economy,Positive,High,Yes,,Facebook_Comment_Annotation - Fitina.csv,positive,yes,False,5,1,True,False,,positive,nzeru,['nzeru'],1
433,Umva tizikagulabe kuja,Economy,Negative,High,Yes,,Facebook_Comment_Annotation - Fitina.csv,negative,yes,False,22,3,False,False,,negative,umva tizikagulabe kuja,"['umva', 'tizikagulabe', 'kuja']",3
55,"That's what we expect from an entrepreneur. As a bonafide citizen of Malawi, he also heard the news that the govt in it's full capacity ladyesa ndrama Ku butchery",Economy,Positive,High,Yes,,Facebook_Comment_Annotation - Viwongo.csv,positive,yes,False,162,29,False,False,,positive,"that ' s what we expect from an entrepreneur. as a bonafide citizen of malawi , he also heard the news that the govt in it ' s full capacity ladyesa ndrama ku butchery","['that', ""'"", 's', 'what', 'we', 'expect', 'from', 'an', 'entrepreneur.', 'as', 'a', 'bonafide', 'citizen', 'of', 'malawi', ',', 'he', 'also', 'heard', 'the', 'news', 'that', 'the', 'govt', 'in', 'it', ""'"", 's', 'full', 'capacity', 'ladyesa', 'ndrama', 'ku', 'butchery']",34
426,Ndakatundu omanga ndimawaya,Economy,Positive,High,Yes,,Facebook_Comment_Annotation - Fitina.csv,positive,yes,False,27,3,False,False,,positive,ndakatundu omanga ndimawaya,"['ndakatundu', 'omanga', 'ndimawaya']",3
240,Now I understand where people in dowa get their confidence,Economy,Neutral,Medium,Yes,,Facebook_Comment_Annotation - Thando.csv,neutral,yes,False,58,10,False,False,,neutral,now i understand where people in dowa get their confidence,"['now', 'i', 'understand', 'where', 'people', 'in', 'dowa', 'get', 'their', 'confidence']",10
87,Andale are waiting for this to stop him....,Politics,Negative,Medium,Yes,,Facebook_Comment_Annotation - Alfred.csv,negative,yes,False,43,8,False,False,,negative,andale are waiting for this to stop him....,"['andale', 'are', 'waiting', 'for', 'this', 'to', 'stop', 'him....']",8
476,"Anavaya Napoleon Dzombe
 
 Ana amuna",Economy,Positive,High,Yes,,Facebook_Comment_Annotation - Fitina.csv,positive,yes,False,36,5,False,False,,positive,anavaya napoleon dzombe ana amuna,"['anavaya', 'napoleon', 'dzombe', 'ana', 'amuna']",5
236,Great thinker,Economy,Positive,High,Yes,,Facebook_Comment_Annotation - Thando.csv,positive,yes,False,13,2,False,False,,positive,great thinker,"['great', 'thinker']",2
347,What he needs is our support basi,Economy,positive,Medium,Yes,,Facebook_Comment_Annotation - Perpetual.csv,positive,yes,False,33,7,False,False,,positive,what he needs is our support basi,"['what', 'he', 'needs', 'is', 'our', 'support', 'basi']",7
409,"Pomwe nduna ndi ma MP Ali bizzy kukambilana zokweza malipilo awo,,,,,
 Munthu akumanga company yopanga fertilizer.kudziwa zosowa zathu amalawi.
 
 Alemekezeke mulungu pomupatsa nzeru zakuya nkulu ameneyu",Economy,Positive,High,yes,,Facebook_Comment_Annotation - Perpetual.csv,positive,yes,False,203,26,False,False,,positive,"pomwe nduna ndi ma mp ali bizzy kukambilana zokweza malipilo awo , , , , , munthu akumanga company yopanga fertilizer.kudziwa zosowa zathu amalawi. alemekezeke mulungu pomupatsa nzeru zakuya nkulu ameneyu","['pomwe', 'nduna', 'ndi', 'ma', 'mp', 'ali', 'bizzy', 'kukambilana', 'zokweza', 'malipilo', 'awo', ',', ',', ',', ',', ',', 'munthu', 'akumanga', 'company', 'yopanga', 'fertilizer.kudziwa', 'zosowa', 'zathu', 'amalawi.', 'alemekezeke', 'mulungu', 'pomupatsa', 'nzeru', 'zakuya', 'nkulu', 'ameneyu']",31
99,Pano Dowa ndidziko palokho 🌹♥️,Politics,Neutral,Medium,Yes,,Facebook_Comment_Annotation - Alfred.csv,neutral,yes,False,30,5,False,False,,neutral,pano dowa ndidziko palokho 🌹♥️,"['pano', 'dowa', 'ndidziko', 'palokho', '🌹♥️']",5
114,Degree is just a paper 😎,Education,Negative,High,Yes,,Facebook_Comment_Annotation - Alfred.csv,negative,yes,False,24,6,False,False,,negative,degree is just a paper 😎,"['degree', 'is', 'just', 'a', 'paper', '😎']",6
253,Napoleon woyee basi🎉🎉,Economy,Positive,High,Yes,,Facebook_Comment_Annotation - Rahema.csv,positive,yes,False,21,3,False,False,,positive,napoleon woyee basi🎉🎉,"['napoleon', 'woyee', 'basi🎉🎉']",3
266,Very good news,Economy,Positive,High,Yes,,Facebook_Comment_Annotation - Rahema.csv,positive,yes,False,14,3,False,False,,positive,very good news,"['very', 'good', 'news']",3
63,Udolo kma umeneu,Economy,Positive,High,Yes,,Facebook_Comment_Annotation - Viwongo.csv,positive,yes,False,16,3,False,False,,positive,udolo kma umeneu,"['udolo', 'kma', 'umeneu']",3
190,ku Dowa🔥🤣,Economy,Neutral,Medium,Yes,,Facebook_Comment_Annotation - Thando.csv,neutral,yes,False,9,2,False,False,,neutral,ku dowa🔥🤣,"['ku', 'dowa🔥🤣']",2
90,Waiting for IPO ya nzeru za bambo .. awa nde ma stock ... Osati amavendor tikugulawa ...producers not consumer.,Economy,Positive,High,Yes,,Facebook_Comment_Annotation - Alfred.csv,positive,yes,False,111,19,False,False,,positive,waiting for ipo ya nzeru za bambo .. awa nde ma stock ... osati amavendor tikugulawa ...producers not consumer.,"['waiting', 'for', 'ipo', 'ya', 'nzeru', 'za', 'bambo', '..', 'awa', 'nde', 'ma', 'stock', '...', 'osati', 'amavendor', 'tikugulawa', '...producers', 'not', 'consumer.']",19
23,Our next president 🔥🔥,Economy,Positive,High,Yes,,Facebook_Comment_Annotation - Viwongo.csv,positive,yes,False,21,4,False,False,,positive,our next president 🔥🔥,"['our', 'next', 'president', '🔥🔥']",4
108,Dolo kahandede 🤝💯,Economy,Positive,High,Yes,,Facebook_Comment_Annotation - Alfred.csv,positive,yes,False,17,3,False,False,,positive,dolo kahandede 🤝💯,"['dolo', 'kahandede', '🤝💯']",3
417,Boma loima palokha👍,Economy,Positive,Medium,Yes,,Facebook_Comment_Annotation - Perpetual.csv,positive,yes,False,19,3,False,False,,positive,boma loima palokha👍,"['boma', 'loima', 'palokha👍']",3
468,Definition of a TRUE citizen longlive sir Napoleon,Economy,Positive,High,Yes,,Facebook_Comment_Annotation - Fitina.csv,positive,yes,False,50,8,False,False,,positive,definition of a true citizen longlive sir napoleon,"['definition', 'of', 'a', 'true', 'citizen', 'longlive', 'sir', 'napoleon']",8
97,"That's the kind of well to do citizens we want within ourselves,, uyuyu ndi real Gøàt",Economy,Positive,High,Yes,,Facebook_Comment_Annotation - Alfred.csv,positive,yes,False,85,16,False,False,,positive,"that ' s the kind of well to do citizens we want within ourselves , , uyuyu ndi real gøàt","['that', ""'"", 's', 'the', 'kind', 'of', 'well', 'to', 'do', 'citizens', 'we', 'want', 'within', 'ourselves', ',', ',', 'uyuyu', 'ndi', 'real', 'gøàt']",20
364,So inspirational,Economy,Positive,Medium,Yes,,Facebook_Comment_Annotation - Perpetual.csv,positive,yes,False,16,2,False,False,,positive,so inspirational,"['so', 'inspirational']",2
298,"Ku Dowa kuli anthu oganiza bhoo heavy. 
 Ife ngati aku Dowa tili okondwa kwambiri",Economy,Positive,High,Yes,,Facebook_Comment_Annotation - Rahema.csv,positive,yes,False,81,14,False,False,,positive,ku dowa kuli anthu oganiza bhoo heavy. ife ngati aku dowa tili okondwa kwambiri,"['ku', 'dowa', 'kuli', 'anthu', 'oganiza', 'bhoo', 'heavy.', 'ife', 'ngati', 'aku', 'dowa', 'tili', 'okondwa', 'kwambiri']",14
110,Our own Traore,Politics,Positive,High,Yes,,Facebook_Comment_Annotation - Alfred.csv,positive,yes,False,14,3,False,False,,positive,our own traore,"['our', 'own', 'traore']",3
189,Wadza Napoleon 👏👏👏,Economy,Neutral,High,Yes,,Facebook_Comment_Annotation - Thando.csv,neutral,yes,False,18,3,False,False,,neutral,wadza napoleon 👏👏👏,"['wadza', 'napoleon', '👏👏👏']",3
125,That's reall development 💐💐,Economy,Positive,High,Yes,,Facebook_Comment_Annotation - Alfred.csv,positive,yes,False,27,4,False,False,,positive,that ' s reall development 💐💐,"['that', ""'"", 's', 'reall', 'development', '💐💐']",6
24,Dowa ija osazaiphwekesa🔥🔥,Economy,Positive,High,Yes,"even though it seems off point logically, we know what they mean when they mention their satet like this, it means they are in support",Facebook_Comment_Annotation - Viwongo.csv,positive,yes,False,25,3,False,False,,positive,dowa ija osazaiphwekesa🔥🔥,"['dowa', 'ija', 'osazaiphwekesa🔥🔥']",3
262,Great,Economy,Positive,High,Yes,,Facebook_Comment_Annotation - Rahema.csv,positive,yes,False,5,1,True,False,,positive,great,['great'],1
436,Nzeru za bambo,Economy,Positive,High,Yes,,Facebook_Comment_Annotation - Fitina.csv,positive,yes,False,14,3,False,False,,positive,nzeru za bambo,"['nzeru', 'za', 'bambo']",3
14,"Katundu mzito🥳🥳🥳Achalume,munthu mulala chomene🔥🔥🔥🔥🔥",Economy,Positive,High,Yes,,Facebook_Comment_Annotation - Viwongo.csv,positive,yes,False,51,4,False,False,,positive,"katundu mzito🥳🥳🥳achalume , munthu mulala chomene🔥🔥🔥🔥🔥","['katundu', 'mzito🥳🥳🥳achalume', ',', 'munthu', 'mulala', 'chomene🔥🔥🔥🔥🔥']",6
106,Mphatso Kaonga Remember what I told ya 'bout Napoleon? He's a real business man.,Economy,Positive,High,Yes,,Facebook_Comment_Annotation - Alfred.csv,positive,yes,False,80,14,False,False,,positive,mphatso kaonga remember what i told ya ' bout napoleon? he ' s a real business man.,"['mphatso', 'kaonga', 'remember', 'what', 'i', 'told', 'ya', ""'"", 'bout', 'napoleon?', 'he', ""'"", 's', 'a', 'real', 'business', 'man.']",17
232,"Imagine a government made of Bushiri, Napoleon and mpinganjira",Economy,Neutral,Medium,Yes,,Facebook_Comment_Annotation - Thando.csv,neutral,yes,False,62,9,False,False,,neutral,"imagine a government made of bushiri , napoleon and mpinganjira","['imagine', 'a', 'government', 'made', 'of', 'bushiri', ',', 'napoleon', 'and', 'mpinganjira']",10
112,Company iyi yadza🔥🔥,Economy,Positive,Medium,Yes,,Facebook_Comment_Annotation - Alfred.csv,positive,yes,False,19,3,False,False,,positive,company iyi yadza🔥🔥,"['company', 'iyi', 'yadza🔥🔥']",3
182,My role model....form 1 bas kuzsyàa,Economy,Neutral,High,Yes,,Facebook_Comment_Annotation - Thando.csv,neutral,yes,False,35,6,False,False,,neutral,my role model....form <num> bas kuzsyàa,"['my', 'role', 'model....form', '<num>', 'bas', 'kuzsyàa']",6
