id,text,topic_label,sentiment_label,confidence,include,notes,source_file
85,Republic of dowa 💥,Economy,Negative,High,Yes,,Facebook_Comment_Annotation - Alfred.csv
86,Under the dynamic of professor peter mnthalika 🔥🔥🔥,Politics,Neutral,High,Yes,,Facebook_Comment_Annotation - Alfred.csv
87,Andale are waiting for this to stop him....,Politics,Negative,Medium,Yes,,Facebook_Comment_Annotation - Alfred.csv
88,A Malawian dangote,Economy,Positive,High,Yes,,Facebook_Comment_Annotation - Alfred.csv
89,"We do call this "" Japan in Malawi 🇲🇼""😁🙌",Economy,Positive,High,Yes,,Facebook_Comment_Annotation - Alfred.csv
90,Waiting for IPO ya nzeru za bambo .. awa nde ma stock ... Osati amavendor tikugulawa ...producers not consumer.,Economy,Positive,High,Yes,,Facebook_Comment_Annotation - Alfred.csv
91,Dowa siku Malawi 🙌,Politics,Neutral,High,Yes,,Facebook_Comment_Annotation - Alfred.csv
92,Politicians and 99 others feeling uncomfortable with a bombastic side eye.,Politics,Negative,Medium,Yes,,Facebook_Comment_Annotation - Alfred.csv
93,Real meaning of Pangolin,Economy,Positive,High,Yes,,Facebook_Comment_Annotation - Alfred.csv
94,Dollo kwambir ma small holder famers apindule,Economy,Positive,High,Yes,,Facebook_Comment_Annotation - Alfred.csv
95,This is what we call idea 👌,Economy,Positive,High,Yes,,Facebook_Comment_Annotation - Alfred.csv
96,Dowa have full wise people 💥💪🔥,Politics,Neutral,High,Yes,,Facebook_Comment_Annotation - Alfred.csv
97,"That's the kind of well to do citizens we want within ourselves,, uyuyu ndi real Gøàt",Economy,Positive,High,Yes,,Facebook_Comment_Annotation - Alfred.csv
98,Mbambande 🔥,Economy,Positive,High,Yes,,Facebook_Comment_Annotation - Alfred.csv
99,Pano Dowa ndidziko palokho 🌹♥️,Politics,Neutral,Medium,Yes,,Facebook_Comment_Annotation - Alfred.csv
100,"He only had a dream and now,implementation time!!",Economy,Positive,High,Yes,,Facebook_Comment_Annotation - Alfred.csv
101,Goat,Economy,Positive,High,Yes,,Facebook_Comment_Annotation - Alfred.csv
102,Ma set a clean,Economy,Positive,High,Yes,,Facebook_Comment_Annotation - Alfred.csv
103,"Things gvt can't do, a person does🙌 
 Fert uyu akufunika tax free 😅",Economy,Positive,High,Yes,,Facebook_Comment_Annotation - Alfred.csv
105,Ur the 2ru Son of the soil...... Keep it up Mr zombe,Economy,Positive,High,Yes,,Facebook_Comment_Annotation - Alfred.csv
106,Mphatso Kaonga Remember what I told ya 'bout Napoleon? He's a real business man.,Economy,Positive,High,Yes,,Facebook_Comment_Annotation - Alfred.csv
107,The Aristotle,Economy,Positive,High,Yes,,Facebook_Comment_Annotation - Alfred.csv
108,Dolo kahandede 🤝💯,Economy,Positive,High,Yes,,Facebook_Comment_Annotation - Alfred.csv
109,Man of Calibre🔥,Economy,Positive,High,Yes,,Facebook_Comment_Annotation - Alfred.csv
110,Our own Traore,Politics,Positive,High,Yes,,Facebook_Comment_Annotation - Alfred.csv
111,Dowa Getto tikungowonera ku ma comment ku,Politics,Negative,Medium,Yes,,Facebook_Comment_Annotation - Alfred.csv
112,Company iyi yadza🔥🔥,Economy,Positive,Medium,Yes,,Facebook_Comment_Annotation - Alfred.csv
113,Kulima kwamphweka🤩,Economy,Positive,High,Yes,,Facebook_Comment_Annotation - Alfred.csv
114,Degree is just a paper 😎,Education,Negative,High,Yes,,Facebook_Comment_Annotation - Alfred.csv
115,Napoleon doro ka 100 🔥🔥🔥🔥,Economy,Positive,High,Yes,,Facebook_Comment_Annotation - Alfred.csv
116,"The brilliant guy,,the way I 💕",Economy,Positive,High,Yes,,Facebook_Comment_Annotation - Alfred.csv
117,"As a country we failed this,, Boom Dzombe has done it!!",Economy,Positive,High,Yes,,Facebook_Comment_Annotation - Alfred.csv
118,Angotenga upule bas wawina no kampeni,Politics,Positive,High,Yes,,Facebook_Comment_Annotation - Alfred.csv
119,Dowa ija osazaitola,Politics,Neutral,High,Yes,,Facebook_Comment_Annotation - Alfred.csv
120,Grow big or go home,Economy,Neutral,Medium,Yes,,Facebook_Comment_Annotation - Alfred.csv
121,Goat uyu 🔥🤝,Economy,Positive,High,Yes,,Facebook_Comment_Annotation - Alfred.csv
122,Degree njachabe chabe kumalawi😅,Education,Negative,High,Yes,,Facebook_Comment_Annotation - Alfred.csv
123,Politicians think it's AI😂😂,Politics,Negative,Medium,Yes,,Facebook_Comment_Annotation - Alfred.csv
125,That's reall development 💐💐,Economy,Positive,High,Yes,,Facebook_Comment_Annotation - Alfred.csv
126,Dolo kochuluka,Economy,Positive,High,Yes,,Facebook_Comment_Annotation - Alfred.csv
127,"This move eill triple his weathy, long live dzombs",Economy,Positive,High,Yes,,Facebook_Comment_Annotation - Alfred.csv
128,Pangolin 👌💪👏👏,Economy,Positive,High,Yes,,Facebook_Comment_Annotation - Alfred.csv
129,News we like to hear,Economy,Positive,High,Yes,,Facebook_Comment_Annotation - Alfred.csv
130,Bola zitheke basi,Economy,Neutral,High,Yes,,Facebook_Comment_Annotation - Alfred.csv
131,Dowa to the world 🔥🔥🔥,Politics,Neutral,High,Yes,,Facebook_Comment_Annotation - Alfred.csv
132,The news we lov to hear,Economy,Neutral,High,Yes,,Facebook_Comment_Annotation - Alfred.csv
133,Now that's what I call wealth,Economy,Positive,High,Yes,,Facebook_Comment_Annotation - Alfred.csv
134,"Long live Elder, our Dangote.! ma Bra Bus angat awa 😂😂😂😂",Economy,Positive,High,Yes,,Facebook_Comment_Annotation - Alfred.csv
135,Mzibambo 🙌,Economy,Neutral,High,Yes,,Facebook_Comment_Annotation - Alfred.csv
136,All the way from republic of DOWA aaaaa this man is genius ooh👏 🙌,Politics,Positive,High,Yes,,Facebook_Comment_Annotation - Alfred.csv
137,This is the son of Malawian soil.,Economy,Positive,High,Yes,,Facebook_Comment_Annotation - Alfred.csv
138,"I'm proud of being Chewa. Sindale, I am just telling you, period",Politics,Negative,High,Yes,,Facebook_Comment_Annotation - Alfred.csv
139,Dowa sigawa kamba ❤️,Politics,Neutral,High,Yes,,Facebook_Comment_Annotation - Alfred.csv
140,Kulima kwamohweka,Economy,Positive,High,Yes,,Facebook_Comment_Annotation - Alfred.csv
141,DPP cadets think it's Al,Politics,Negative,High,Yes,,Facebook_Comment_Annotation - Alfred.csv
142,The great great Man,Economy,Positive,High,Yes,,Facebook_Comment_Annotation - Alfred.csv
143,Dowa ijayo osazayipweketsa guys😍,Politics,Neutral,High,Yes,,Facebook_Comment_Annotation - Alfred.csv
144,Shasha uyuu,Economy,Positive,High,Yes,,Facebook_Comment_Annotation - Alfred.csv
145,I'd buy shares in this project 💯,Economy,Positive,High,Yes,,Facebook_Comment_Annotation - Alfred.csv
146,Dolo ... Born intelligent.,Economy,Positive,High,Yes,,Facebook_Comment_Annotation - Alfred.csv
147,We're rich already,Economy,Positive,High,Yes,,Facebook_Comment_Annotation - Alfred.csv
148,Zikuchitikadi izizi 🤓,Economy,Neutral,Medium,Yes,,Facebook_Comment_Annotation - Alfred.csv
149,Warm Heart of Africa is blessed 🎉,Economy,Positive,High,Yes,,Facebook_Comment_Annotation - Alfred.csv
150,People like him....,Economy,Positive,High,Yes,,Facebook_Comment_Annotation - Alfred.csv
151,Live longer dada Dzonbe,Economy,Positive,High,Yes,,Facebook_Comment_Annotation - Alfred.csv
152,Mbambande🔥,Economy,Positive,High,Yes,,Facebook_Comment_Annotation - Alfred.csv
153,Malawi got talent indeed imagine set up fire using condoms 🤗🤗,Politics,Neutral,Medium,No,Off concept,Facebook_Comment_Annotation - Alfred.csv
154,Tili safe,Economy,Neutral,High,Yes,,Facebook_Comment_Annotation - Alfred.csv
156,Market gap ija amwene,Economy,Positive,High,Yes,,Facebook_Comment_Annotation - Alfred.csv
157,My model nadzombe,Economy,Positive,High,Yes,,Facebook_Comment_Annotation - Alfred.csv
158,Amuna chisale pamakina,Economy,Neutral,High,Yes,,Facebook_Comment_Annotation - Alfred.csv
159,Work up malawiiiiii,Economy,Neutral,High,Yes,,Facebook_Comment_Annotation - Alfred.csv
160,Big Brands and brains,Economy,Positive,High,Yes,,Facebook_Comment_Annotation - Alfred.csv
161,Mbambande 🔥,Economy,Positive,High,Yes,,Facebook_Comment_Annotation - Alfred.csv
162,His Excellency 🫡🔥,Economy,Positive,High,Yes,,Facebook_Comment_Annotation - Alfred.csv
163,A true definition of big machines🔥🔥🔥🔥,Economy,Positive,High,Yes,,Facebook_Comment_Annotation - Alfred.csv
164,We will defeat hunger forever 💪,Economy,Positive,High,Yes,,Facebook_Comment_Annotation - Alfred.csv
165,"Napoleon the legend, men working ahead",Economy,Positive,High,Yes,,Facebook_Comment_Annotation - Alfred.csv
166,If not Napoleon Dzombe then he would be Bushiri whom I really want to meet & have a talk,Economy,Positive,High,Yes,,Facebook_Comment_Annotation - Alfred.csv
167,"No degree or diploma from school ,while others are still bizy studying to have papers to bring in their mind vision to bring development in country ,while napoleon village man wise, than educated people with their papers , Mr napoleon he has remind me story of Solomon son of David always he stand for wisdom not degree and diploma ,",Education,Negative,High,Yes,,Facebook_Comment_Annotation - Alfred.csv
418,"Opanda classmate tu uyu,odi mkamulimire kumunda mwina adzandilembe yogulitsa feterezayo",Economy,Positive,High,Yes,,Facebook_Comment_Annotation - Fitina.csv
419,"This guy,atiphule pa moto",Economy,Positive,High,Yes,,Facebook_Comment_Annotation - Fitina.csv
420,Good development,Economy,Positive,High,Yes,,Facebook_Comment_Annotation - Fitina.csv
421,Nzeru zothandiza Malawi koma tidzawonaso 50kg bag of fertilizer iliso pa 200 pin 🤣🤣,Economy,Negative,Medium,Yes,,Facebook_Comment_Annotation - Fitina.csv
422,Dowa nd dziko palokha,Economy,Neutral,Medium,No,,Facebook_Comment_Annotation - Fitina.csv
423,Malawian Dangote,Economy,Positive,High,Yes,,Facebook_Comment_Annotation - Fitina.csv
424,Nzeru,Economy,Positive,High,Yes,,Facebook_Comment_Annotation - Fitina.csv
425,"Ndiye wina kugula ma galimoto 84 onse for luxury,car hire or chani kklkkk
 Dzombe kuchikweza",Economy,Negative,High,No,,Facebook_Comment_Annotation - Fitina.csv
426,Ndakatundu omanga ndimawaya,Economy,Positive,High,Yes,,Facebook_Comment_Annotation - Fitina.csv
427,"Aliyense akutulutsa zake 
 
 Anthu achuma mmmmhu",Economy,Neutral,Medium,Yes,,Facebook_Comment_Annotation - Fitina.csv
428,Congratulations 🎊,Economy,Positive,High,Yes,,Facebook_Comment_Annotation - Fitina.csv
429,"In Malawi, there are a number of pipo who are doing zolozeka with good intensions, anthu osakonda ndalama koma okonda dziko lawo.....Simbi, Napolion, Bushiri, Namadingo, Mpinganjira, Temwa Chilenga, Mai Mbambande and Tusaiwe i respect you, ndinu madolo heavy. The rest dyera!!!!",Economy,Positive,High,Yes,,Facebook_Comment_Annotation - Fitina.csv
430,Sukulu kuchedwetsa abale 🙌🙌🙌,Economy,Neutral,Medium,No,,Facebook_Comment_Annotation - Fitina.csv
431,good news,Economy,Positive,High,Yes,,Facebook_Comment_Annotation - Fitina.csv
432,Kukhala koma kumenekuu,Economy,Positive,High,Yes,,Facebook_Comment_Annotation - Fitina.csv
433,Umva tizikagulabe kuja,Economy,Negative,High,Yes,,Facebook_Comment_Annotation - Fitina.csv
434,Good development,Economy,Positive,High,Yes,,Facebook_Comment_Annotation - Fitina.csv
435,Uyu nde alemba hito ma galajuweti 🙌🫡🫡 but himself 😂😂 yomweyo galu iwe,Economy,Positive,High,Yes,,Facebook_Comment_Annotation - Fitina.csv
436,Nzeru za bambo,Economy,Positive,High,Yes,,Facebook_Comment_Annotation - Fitina.csv
437,Zelu zabambo🔥,Economy,Positive,High,Yes,,Facebook_Comment_Annotation - Fitina.csv
438,ANDALE AKWIYA APAPA! kufuna kuba bas,Economy,Negative,High,Yes,,Facebook_Comment_Annotation - Fitina.csv
439,Mphwache wa Dangote uyu...🤣🤣🤣🤣,Economy,Positive,High,No,,Facebook_Comment_Annotation - Fitina.csv
440,Dowa ija si Malawi osazaitola anthu ake ndioganiza bho,Economy,Neutral,High,No,,Facebook_Comment_Annotation - Fitina.csv
441,Nzeru koma izi,Economy,Positive,High,Yes,,Facebook_Comment_Annotation - Fitina.csv
442,Chonena ndilibe ndingoti God bless Malawi,Economy,Positive,Medium,Yes,,Facebook_Comment_Annotation - Fitina.csv
443,Congratulations Bwana Napoleon Dzombe,Economy,Positive,High,Yes,,Facebook_Comment_Annotation - Fitina.csv
444,Dzombe is a country on his own 🔥🔥🔥🔥🔥,Economy,Positive,Low,No,,Facebook_Comment_Annotation - Fitina.csv
445,Apa ndikutha kuopa NAPOLEON akubwera pa one then mpingnjira,Economy,Positive,Medium,No,,Facebook_Comment_Annotation - Fitina.csv
446,"Mangani anthu onse akudowa,DPP mukumva kodi",Economy,Negative,Low,No,,Facebook_Comment_Annotation - Fitina.csv
447,Machine machine munthu wanzeru zake,Economy,Positive,High,Yes,,Facebook_Comment_Annotation - Fitina.csv
448,Azibambo awa 🔥🔥🔥,Economy,Positive,High,Yes,,Facebook_Comment_Annotation - Fitina.csv
449,Nde chaka chamawa chafika kale kaya kumwerako😂😂😂,Economy,Neutral,Medium,No,,Facebook_Comment_Annotation - Fitina.csv
451,Tufunika anthu ngat awa,Economy,Positive,High,Yes,,Facebook_Comment_Annotation - Fitina.csv
452,Awawa ndi amene amafunika azilamulira dzikoli,Economy,Positive,High,Yes,,Facebook_Comment_Annotation - Fitina.csv
453,I think uyu ngothandiza,Economy,Positive,High,Yes,,Facebook_Comment_Annotation - Fitina.csv
454,Amfumu,Economy,Positive,High,Yes,,Facebook_Comment_Annotation - Fitina.csv
455,Iwe umati!,Economy,Neutral,Low,No,,Facebook_Comment_Annotation - Fitina.csv
456,Katundu uyu,Economy,Positive,High,Yes,,Facebook_Comment_Annotation - Fitina.csv
457,Malawi 2063🔥,Economy,Positive,High,Yes,,Facebook_Comment_Annotation - Fitina.csv
458,Ndiye kumalemba 4 kumeneko kwawo Kwa ozotsata,Economy,Neutral,Low,No,,Facebook_Comment_Annotation - Fitina.csv
459,Dzombe nd katundu,Economy,Positive,High,Yes,,Facebook_Comment_Annotation - Fitina.csv
460,uyuyu n shata 💥💪,Economy,Positive,High,Yes,,Facebook_Comment_Annotation - Fitina.csv
461,"Can someone tell simbi phiri to do something also,we have rich people here akhoza kutukula dzikoli within 2 years koma ambiliwa ma investments kunja bas",Economy,Neutral,Low,No,,Facebook_Comment_Annotation - Fitina.csv
462,Welcome iwe napolo zombe😂💬,Economy,Positive,High,Yes,,Facebook_Comment_Annotation - Fitina.csv
463,He's Real..... Louder speaks action than words,Economy,Positive,High,Yes,,Facebook_Comment_Annotation - Fitina.csv
464,Our own Aliko Dangote,Economy,Positive,High,Yes,,Facebook_Comment_Annotation - Fitina.csv
465,Thathatha ma % athu tachotsako ngat BOMA kenako tiva 🤣🤣🤣,Economy,Negative,Low,No,,Facebook_Comment_Annotation - Fitina.csv
466,"Good development,",Economy,Positive,Medium,Yes,,Facebook_Comment_Annotation - Fitina.csv
467,Dowa family,Economy,Neutral,Medium,Yes,,Facebook_Comment_Annotation - Fitina.csv
468,Definition of a TRUE citizen longlive sir Napoleon,Economy,Positive,High,Yes,,Facebook_Comment_Annotation - Fitina.csv
469,Nde kuli anjawa akutenga madzi kuchoka ku salima kupititsa ku fumbi😅,Economy,Neutral,Low,No,,Facebook_Comment_Annotation - Fitina.csv
470,A good citizen,Economy,Positive,High,Yes,,Facebook_Comment_Annotation - Fitina.csv
471,basitu capital city ija ndi dowa 😃,Economy,Neutral,Low,No,,Facebook_Comment_Annotation - Fitina.csv
472,Dolo kwambir,Economy,Positive,High,Yes,,Facebook_Comment_Annotation - Fitina.csv
473,Olemera kuposa dziko lake😂😂😂😂,Economy,Positive,Low,Yes,,Facebook_Comment_Annotation - Fitina.csv
474,Vote yanga.....,Economy,Neutral,Low,No,,Facebook_Comment_Annotation - Fitina.csv
475,Kumalawi kose kuno wandalama ndi dzombe zake zimaoneka ndimaso enawa mbuzi zaanthu kumaba kuno kupititsa maiko ena mbuli zophuzila,Economy,Negative,Low,No,,Facebook_Comment_Annotation - Fitina.csv
476,"Anavaya Napoleon Dzombe
 
 Ana amuna",Economy,Positive,High,Yes,,Facebook_Comment_Annotation - Fitina.csv
477,Aja mumadana ndi ku Dowa aja pano ntchito mukfusila ku Dowa komko. Bolako iyi kusiyana ndikumakcheka matabwa ku Luwawa 😆. Mpatseni u professor uyu osati ma enawa ama private trip dola za boma,Economy,Neutral,Low,No,,Facebook_Comment_Annotation - Fitina.csv
478,With things like this I can't stop smiling💞💪,Economy,Positive,High,Yes,,Facebook_Comment_Annotation - Fitina.csv
479,Malawi is developing,Economy,Positive,High,Yes,,Facebook_Comment_Annotation - Fitina.csv
480,Malawi is growing soon many will come in bravo Nepoleon Dzombe inu ndi Dada more life n blessings,Economy,Positive,High,Yes,,Facebook_Comment_Annotation - Fitina.csv
481,Munthu uyuyu amaganiza mwakuya....may this dream come to pass,Economy,Positive,High,Yes,,Facebook_Comment_Annotation - Fitina.csv
482,Mzelu Za Mutu wabanja,Economy,Neutral,Low,No,,Facebook_Comment_Annotation - Fitina.csv
483,Izi ndiye zofunika izi,Economy,Positive,High,Yes,,Facebook_Comment_Annotation - Fitina.csv
484,Pamenepa tikhoza kukharano safe than kudalira zandalez,Economy,Negative,Low,Yes,,Facebook_Comment_Annotation - Fitina.csv
485,Good kwa good Mr Napoleon,Economy,Positive,High,Yes,,Facebook_Comment_Annotation - Fitina.csv
486,Zapamwamba🔥,Economy,Positive,High,Yes,,Facebook_Comment_Annotation - Fitina.csv
487,"This is beautiful 
 
 Ambuye awa muzingowadalitsa ndipo apatseni moyo wautali",Economy,Positive,High,Yes,,Facebook_Comment_Annotation - Fitina.csv
488,Munthu wankulu 🔥,Economy,Positive,High,Yes,,Facebook_Comment_Annotation - Fitina.csv
489,Bwanamkubwa🤝🏾🔥,Economy,Positive,High,Yes,,Facebook_Comment_Annotation - Fitina.csv
490,Dolo ka million,Economy,Positive,High,Yes,,Facebook_Comment_Annotation - Fitina.csv
491,Khani yabwino,Economy,Positive,High,Yes,,Facebook_Comment_Annotation - Fitina.csv
492,Zeru za bamboo,Economy,Neutral,High,Yes,,Facebook_Comment_Annotation - Fitina.csv
493,Anthu a Dowa amenewo,Economy,Neutral,Medium,Yes,,Facebook_Comment_Annotation - Fitina.csv
494,Asaaaaaaaa nzeru tu izi,Economy,Positive,High,Yes,,Facebook_Comment_Annotation - Fitina.csv
496,This is nice,Economy,Positive,High,Yes,,Facebook_Comment_Annotation - Fitina.csv
497,Uku kupezeka ntchito osati Masewera,Economy,Positive,High,Yes,,Facebook_Comment_Annotation - Fitina.csv
498,Bolani pamenepa,Economy,Positive,High,Yes,,Facebook_Comment_Annotation - Fitina.csv
499,Zamphamvu,Economy,Positive,High,Yes,,Facebook_Comment_Annotation - Fitina.csv
330,Good movie,Economy,Positive,Low,No,no topic,Facebook_Comment_Annotation - Perpetual.csv
331,Salute,Economy,Positive,Low,No,too short,Facebook_Comment_Annotation - Perpetual.csv
332,Zamphamvu kwambiri,Economy,positive,Medium,Yes,praise,Facebook_Comment_Annotation - Perpetual.csv
333,The machine,Economy,Neutral,Low,No,unclear,Facebook_Comment_Annotation - Perpetual.csv
334,"Learning by doing approach, that's wonderful 🔥 🔥.",Economy,positive,High,Yes,teaching method,Facebook_Comment_Annotation - Perpetual.csv
335,Code kampani ya maheu ija ili kut inu a mcp..,Economy,Neutral,medium,Yes,company,Facebook_Comment_Annotation - Perpetual.csv
336,Something that the presidents failed to do!🔥,Economy,positive,High,Yes,leadership comparison,Facebook_Comment_Annotation - Perpetual.csv
337,"Kma andale akanakhar amaganizaso ngat big man bwezi Malawi mavuto enawa kulibe ,kma aaaa tikangowavotera amangoganiza zokhutitsa mimba zao bas ulemu wanu big man 🙏",Economy,Neutral,Medium,Yes,governance comment,Facebook_Comment_Annotation - Perpetual.csv
338,Keep it up mr🤗Home sweet home❤💫,Economy,positive,Low,No,praise,Facebook_Comment_Annotation - Perpetual.csv
339,"Zikatero boma la DPP limukorekole, ma mafia amene amapindula ndi kugula fertelizer kunja,nzawo Chakwera anachivomera kale chinthuchi, musiyeni munthu amakonda Malawi.",Economy,negative,medium,Yes,criticism of government,Facebook_Comment_Annotation - Perpetual.csv
340,Uyu mpaseni u president 🥳,Economy,positive,High,Yes,praise,Facebook_Comment_Annotation - Perpetual.csv
341,"Pomwe ma politicians amakhala busy kudya misonkho ya a Malawi kenako kuzasaukaso...
 This is the way to go as a country",Economy,positive,Medium,Yes,,Facebook_Comment_Annotation - Perpetual.csv
342,"Dear God, as far as Malawi is concerned. A Napoleon 5 ndiokwanira.",Economy,positive,Medium,Yes,leadership,Facebook_Comment_Annotation - Perpetual.csv
343,Enafe ndiongepelekeza padzikoli,Economy,Neutral,Low,No,unclear context,Facebook_Comment_Annotation - Perpetual.csv
344,"Zomwe dzombe sangapange,boma la Malawi silingalote mkomwe kuziyamba, president wa world of dowa!!nzeru za bambo okonda kwawo,kuika ndalama Malo oyenera,palibe angati mademo tikaphwanye katundu wa mtalimanja, or wachipani atalodzedwa bwanji sangatase manja ake uku, nzeru za bambo indeed!!!",Economy,positive,High,Yes,comparison praise,Facebook_Comment_Annotation - Perpetual.csv
345,President waku DOWA,Economy,Neutral,Medium,Yes,,Facebook_Comment_Annotation - Perpetual.csv
346,Kudya kulipo ......:,Economy,Neutral,Low,No,,Facebook_Comment_Annotation - Perpetual.csv
347,What he needs is our support basi,Economy,positive,Medium,Yes,,Facebook_Comment_Annotation - Perpetual.csv
348,Am in love with the movement 🔥🔥,Economy,positive,High,Yes,,Facebook_Comment_Annotation - Perpetual.csv
349,Iyi nde Malawi government,Economy,Neutral,Medium,Yes,,Facebook_Comment_Annotation - Perpetual.csv
350,2030 tikukapanga ma demo kunyumba kwawo avenge chinthuchi ayendese iwowo,Economy,Neutral,Medium,Yes,,Facebook_Comment_Annotation - Perpetual.csv
351,"This is the kind of investiment we need as a nation. Napoleon Dzombe my role model, It is my hope that i will meet you one day to learn more from you.",Economy,positive,High,Yes,,Facebook_Comment_Annotation - Perpetual.csv
352,Osat kumangolubwa lubwa,Economy,negative,Medium,Yes,,Facebook_Comment_Annotation - Perpetual.csv
353,Intelligent man💪,Economy,Positive,Medium,Yes,,Facebook_Comment_Annotation - Perpetual.csv
354,That's great 👍🏾👍🏾,Economy,Positive,Medium,Yes,,Facebook_Comment_Annotation - Perpetual.csv
355,That's great,Economy,Positive,Medium,Yes,,Facebook_Comment_Annotation - Perpetual.csv
356,Mpulumutsi,Economy,Positive,Low,No,,Facebook_Comment_Annotation - Perpetual.csv
357,"Wisdom is never taught, this is a good thing to Malawi",Economy,Positive,Medium,Yes,,Facebook_Comment_Annotation - Perpetual.csv
358,Good development,Economy,Positive,High,Yes,,Facebook_Comment_Annotation - Perpetual.csv
359,Go ahead.,Economy,Positive,Low,No,,Facebook_Comment_Annotation - Perpetual.csv
360,Dolo uyuyu,Economy,Positive,Low,No,,Facebook_Comment_Annotation - Perpetual.csv
362,Athu kom ameneo osati anyani aj,Economy,negative,High,Yes,,Facebook_Comment_Annotation - Perpetual.csv
363,Katundu bambo napoleon zombe,Economy,Positive,Medium,Yes,,Facebook_Comment_Annotation - Perpetual.csv
364,So inspirational,Economy,Positive,Medium,Yes,,Facebook_Comment_Annotation - Perpetual.csv
365,Nzeru zobambo transport,Economy,Positive,Low,No,,Facebook_Comment_Annotation - Perpetual.csv
366,Yet anthu 21 million kusonkherana izi zimakanika. Malawi eeeeh🤣🤣🤣🤣,Economy,negative,High,Yes,,Facebook_Comment_Annotation - Perpetual.csv
367,"May God bless you. 
 Development it's helps
 Muslims and Christians and other everyone out there. 
 So let us depend on workhard while we're praising and fearing God. God says in several verses :
 ""And do good; indeed, God loves the doers of good""
 ""Man will not get anything unless he works hard""",Economy,Positive,Medium,yes,,Facebook_Comment_Annotation - Perpetual.csv
368,Zokongola,Economy,Positive,Low,No,,Facebook_Comment_Annotation - Perpetual.csv
369,Where is simbi and mpinganjira project bushiri has goshen Dzimba has this,Economy,negative,High,yes,,Facebook_Comment_Annotation - Perpetual.csv
370,Pomwe wina has been an MP for more than 15 years koma kumangowabera anthu 😭,Economy,negative,High,yes,,Facebook_Comment_Annotation - Perpetual.csv
372,"It's high time malawi give an opportunity to fellow malawian who are capable investing in their own country the likes of Napoleon, Simbi, Bushiri, Mpinganjira etc",Economy,Positive,High,yes,,Facebook_Comment_Annotation - Perpetual.csv
373,Chomwe chimandwaza kumalawi anthu achumawa akaona wina wapanga chinthu chazeru. Winaso amazapanga China. Popano timuona bushiri akupanga company yopanga mafuta,Economy,negative,High,yes,,Facebook_Comment_Annotation - Perpetual.csv
375,Eeeeee uyu ni murara,Economy,Positive,Medium,yes,,Facebook_Comment_Annotation - Perpetual.csv
376,Dzelu,Economy,Positive,Low,No,,Facebook_Comment_Annotation - Perpetual.csv
378,Good development,Economy,Positive,high,yes,,Facebook_Comment_Annotation - Perpetual.csv
379,Azanthu akumwera sakukunkhuzani mumawatukwana kwambiri anthu a ku Dowa nanu muzipanga zanu apo biii muzidya chitedze pakuti munazolowera kale,Economy,negative,high,yes,,Facebook_Comment_Annotation - Perpetual.csv
380,Uyu akuposa Mr 6 billion kuganiza,Economy,Positive,Medium,yes,,Facebook_Comment_Annotation - Perpetual.csv
381,Munthu wamkulu 🔥✌️,Economy,Positive,Low,No,,Facebook_Comment_Annotation - Perpetual.csv
382,"Pepani akudowa timakulakwilani,, ponena kt ndinu mabulutu 🙌🏾🙌🏾🙌🏾😢",Economy,neutral,high,yes,apology,Facebook_Comment_Annotation - Perpetual.csv
383,Malawi okongola,Economy,neutral,Low,No,,Facebook_Comment_Annotation - Perpetual.csv
384,Chandale china chakwiyilatu hahahahahaha apa Dzombe wabudula mmemo wa Minister of Agricuture,Economy,negative,high,yes,,Facebook_Comment_Annotation - Perpetual.csv
385,Wow great job🥳🥳,Economy,Positive,Low,No,,Facebook_Comment_Annotation - Perpetual.csv
386,"Abwana wa amaona mwai mu zinthu zomwe ambili timadandaula, umeo
 The guy sees an opportunity like a star in dark, for what most of us complain of. Love it 😍",Economy,Positive,high,yes,public criticism,Facebook_Comment_Annotation - Perpetual.csv
387,This is beautiful...,Economy,Positive,Low,No,,Facebook_Comment_Annotation - Perpetual.csv
389,Dowa dowa,Economy,neutral,Low,No,,Facebook_Comment_Annotation - Perpetual.csv
390,This guy must be respected indeed,Economy,Positive,high,yes,,Facebook_Comment_Annotation - Perpetual.csv
391,He's an answer than Malawi government,Economy,Positive,high,yes,,Facebook_Comment_Annotation - Perpetual.csv
392,Shasha kwambili 🤝🔥,Economy,Positive,Low,No,,Facebook_Comment_Annotation - Perpetual.csv
393,Katundu waboma Dzombe🔥,Economy,Positive,Low,No,,Facebook_Comment_Annotation - Perpetual.csv
395,Wow! Finally. God bless you Mr Dzombe.,Economy,Positive,high,yes,,Facebook_Comment_Annotation - Perpetual.csv
396,Nkhan iyi yandisuntha nsaname,Economy,neutral,high,yes,,Facebook_Comment_Annotation - Perpetual.csv
397,"Kumalawi kuno tiri ndi 
 Bushiri
 Napoleon Zombe
 
 Machini athu athu awa.",Economy,Positive,low,No,,Facebook_Comment_Annotation - Perpetual.csv
398,I hate politicians...mbava zomwe zikulowesa pansi dziko lino... whether MCP or DPP same old shit,Economy,Negative,High,Yes,,Facebook_Comment_Annotation - Perpetual.csv
399,God bless Malawi 🇲🇼,Economy,Neutral,High,Yes,,Facebook_Comment_Annotation - Perpetual.csv
400,Dowa ndi dziko palokha,Economy,Neutral,High,Yes,,Facebook_Comment_Annotation - Perpetual.csv
401,"Mwini Dowa .
 under the Leadership of APM",Economy,Neutral,Medium,Yes,,Facebook_Comment_Annotation - Perpetual.csv
402,Km ngat nkotheka njala mayaz,Economy,Positive,Low,No,,Facebook_Comment_Annotation - Perpetual.csv
403,Uyu dolo kwambir,Economy,Positive,Low,No,,Facebook_Comment_Annotation - Perpetual.csv
404,Dolo kwambiri,Economy,Positive,Low,No,,Facebook_Comment_Annotation - Perpetual.csv
405,Ameneuja ndi ziko paekha,Economy,Neutral,Medium,Yes,,Facebook_Comment_Annotation - Perpetual.csv
407,"Chimene chimandisangala nkuluyi ndichakuti always brought his development to his country this is wonderful people have money but they choose to invest it outside our country That's a very bad,mtima osakonda dziko lawo.",Economy,Positive,High,yes,,Facebook_Comment_Annotation - Perpetual.csv
409,"Pomwe nduna ndi ma MP Ali bizzy kukambilana zokweza malipilo awo,,,,,
 Munthu akumanga company yopanga fertilizer.kudziwa zosowa zathu amalawi.
 
 Alemekezeke mulungu pomupatsa nzeru zakuya nkulu ameneyu",Economy,Positive,High,yes,,Facebook_Comment_Annotation - Perpetual.csv
410,Shaaa akatundu,Economy,Positive,Low,No,,Facebook_Comment_Annotation - Perpetual.csv
411,Makani amwene!,Economy,Neutral,Low,No,,Facebook_Comment_Annotation - Perpetual.csv
412,Mbambande,Economy,Positive,Low,No,,Facebook_Comment_Annotation - Perpetual.csv
413,Nzeru🔥,Economy,Positive,Low,No,,Facebook_Comment_Annotation - Perpetual.csv
414,Bambo koma ameneyi,Economy,Positive,Low,No,,Facebook_Comment_Annotation - Perpetual.csv
415,Chiyamb chofuna kt Malawi atukuke nde ndichimenech,Economy,Positive,Medium,Yes,,Facebook_Comment_Annotation - Perpetual.csv
416,Interested for that awesome 👏,Economy,Positive,Medium,Yes,,Facebook_Comment_Annotation - Perpetual.csv
417,Boma loima palokha👍,Economy,Positive,Medium,Yes,,Facebook_Comment_Annotation - Perpetual.csv
249,Katswiri kwambiri! Ku Dowa ku ambiri ndife anthu odzichitira.,Economy,Positive,High,Yes,,Facebook_Comment_Annotation - Rahema.csv
250,This is great,Economy,Positive,High,Yes,,Facebook_Comment_Annotation - Rahema.csv
251,Dzoombe the great thinker all the time esshii God bless cos u save lives of malawians at the end ....🌄,Economy,Positive,High,Yes,,Facebook_Comment_Annotation - Rahema.csv
252,Napoleon pangolin,Economy,Positive,High,Yes,,Facebook_Comment_Annotation - Rahema.csv
253,Napoleon woyee basi🎉🎉,Economy,Positive,High,Yes,,Facebook_Comment_Annotation - Rahema.csv
254,"Bravo Napoleon.you are best like shepherd Bushiri,Simbi and etc.May the Lord Almighty give you prosperous and long lifespan",Economy,Positive,High,Yes,,Facebook_Comment_Annotation - Rahema.csv
255,king Solomon in Malawi 🇲🇼,Economy,Positive,High,Yes,,Facebook_Comment_Annotation - Rahema.csv
256,"Awa ndi anzeru ma innovators akuluakulu kupeza vuto solution pompopompo. Osati za theory ikutinamiza curriculum ya ku Malawiyi. Munthu woyamba kukoza Nyanja yake yake, anadzala chimachine chochotsa miyala ku mpunga cha over 20 billion ku Salima lero abwera ndi chimachine cha chopanga fertilizer. Big Dr Napoleon Dzombe",Economy,Positive,Medium,No,,Facebook_Comment_Annotation - Rahema.csv
257,"He is brilliant guy, and l like him so much",Economy,Positive,High,Yes,,Facebook_Comment_Annotation - Rahema.csv
258,Chiyambi chokutha njala ku Malawi andale womse kuduka kulupo,Economy,Positive,Medium,No,,Facebook_Comment_Annotation - Rahema.csv
259,Massive,Economy,Positive,High,Yes,,Facebook_Comment_Annotation - Rahema.csv
260,akatundu wawa,Economy,Positive,High,Yes,,Facebook_Comment_Annotation - Rahema.csv
261,OUR MALAWIAN TRAOLE,Economy,Positive,High,Yes,,Facebook_Comment_Annotation - Rahema.csv
262,Great,Economy,Positive,High,Yes,,Facebook_Comment_Annotation - Rahema.csv
263,Napoleon,Economy,Positive,High,Yes,,Facebook_Comment_Annotation - Rahema.csv
264,Chi goat amwene🔥🔥🔥,Economy,Positive,High,Yes,,Facebook_Comment_Annotation - Rahema.csv
265,Good development,Economy,Positive,High,Yes,,Facebook_Comment_Annotation - Rahema.csv
266,Very good news,Economy,Positive,High,Yes,,Facebook_Comment_Annotation - Rahema.csv
267,"Koma what I don’t understand is, the whole Malawi Government can’t do this koma munthu wamba ndithu? Zoona amwene izi? 
 Politicians are not the answer, they are just there to enrich themselves 
 Bravo Mr Dzombe apapa mwawachititsa manyazi 
 Muona akubwela kuti azatsekulire ndi iwowo 🤣🤣🤣 cholinga aziilowetse ndale",Economy,Positive,Medium,No,,Facebook_Comment_Annotation - Rahema.csv
268,Zapamwamba kwambiri tiyeni titukule #Malawi,Economy,Positive,High,Yes,,Facebook_Comment_Annotation - Rahema.csv
269,"We need such people in our country, people with vision",Economy,Positive,High,Yes,,Facebook_Comment_Annotation - Rahema.csv
270,The greatest of all time 🙌,Economy,Positive,High,Yes,,Facebook_Comment_Annotation - Rahema.csv
271,Bravo,Economy,Positive,High,Yes,,Facebook_Comment_Annotation - Rahema.csv
272,Mzeru,Economy,Positive,High,Yes,,Facebook_Comment_Annotation - Rahema.csv
273,Great minds..💯,Economy,Positive,High,Yes,,Facebook_Comment_Annotation - Rahema.csv
274,President 2030 under DPP ndyemweu bas,Economy,Positive,High,Yes,,Facebook_Comment_Annotation - Rahema.csv
275,Job creation 💯,Economy,Positive,High,Yes,,Facebook_Comment_Annotation - Rahema.csv
276,Now as country tayambapo kuyenda ngati dziko sopano...one big problem solved ...tione sopano massive infrastructure which can supports agricultural produce aswel machines to turn agricultural produce to products locally,Economy,Positive,High,Yes,,Facebook_Comment_Annotation - Rahema.csv
277,This is Good news,Economy,Positive,High,Yes,,Facebook_Comment_Annotation - Rahema.csv
278,"And my prayer would always be God should extend Mr Napoleon Zombie's life, this man needs a certain level of high profile security because these politicians are like wild folks, they will see him as a competitor and they will plan to terminate his dreams...because ku feteleza kuja ena kuli mgodi wawo... 
 
 This one is a Malawian asset pamene tikuzipemphelela tokha uyuso uyu tizimupemphelela uyu ambuye amusamalile uyu amutetezele kuthelatu...
 
 We would rather loose a politician than loosing this man.
 
 Another one is Bushiri uyuso uyu ndi pangolin wapadera uyu. Ine nkazakumanaye uyu azandilole nzamupaseko moni wapazanja. God should protect these gentlemen",Economy,Positive,Low,No,,Facebook_Comment_Annotation - Rahema.csv
279,So akuluwa zogula Feteleza ku Butchery adāzitenga phesono eeh 🤔❓,Economy,Negative,Medium,No,,Facebook_Comment_Annotation - Rahema.csv
280,Zimachedwa kut izii,Economy,Positive,High,Yes,,Facebook_Comment_Annotation - Rahema.csv
281,Amuna eni eni👍,Economy,Positive,High,Yes,,Facebook_Comment_Annotation - Rahema.csv
282,May he live longer,Economy,Positive,High,Yes,,Facebook_Comment_Annotation - Rahema.csv
283,That's a nice story,Economy,Positive,High,Yes,,Facebook_Comment_Annotation - Rahema.csv
284,Tate🙏🙏🙏🙏🙏,Economy,Positive,High,Yes,,Facebook_Comment_Annotation - Rahema.csv
285,That's good news,Economy,Positive,High,Yes,,Facebook_Comment_Annotation - Rahema.csv
286,Adorable,Economy,Positive,High,Yes,,Facebook_Comment_Annotation - Rahema.csv
287,The winning team ♥️💪,,Positive,High,Yes,,Facebook_Comment_Annotation - Rahema.csv
288,"I think we don't need Politicians in this country. Let them go and rot in hell. 
 
 Ambuye mdalitseni Napoleon Dzombe. Mpatseni moyo wautali ndi wamphamvu. Mchotsereni zopsinja zina zilizonse pamoyo wake. 
 
 Mpatseni chimwemwe kuti adzikondwa masiku onse Ali ndi moyo pansi pano.",Economy,Negative,Low,No,,Facebook_Comment_Annotation - Rahema.csv
289,Kkkkkk koma yaaa panga zithu,Economy,Neutral,High,Yes,,Facebook_Comment_Annotation - Rahema.csv
290,Ukali,Economy,Positive,High,Yes,,Facebook_Comment_Annotation - Rahema.csv
291,The great one,Economy,Positive,High,Yes,,Facebook_Comment_Annotation - Rahema.csv
292,The guy is very wise,Economy,Positive,High,Yes,,Facebook_Comment_Annotation - Rahema.csv
293,"Wina comment yake angolimbana ndi DPP as if it's the first political party kulamula dziko lino. Chilichonse kulowesa ndale, chimidzi basi. Congratulations Napoleon Dzombe, True son of soil.",Economy,,,,,Facebook_Comment_Annotation - Rahema.csv
294,Great man! 🫡,Economy,Positive,High,Yes,,Facebook_Comment_Annotation - Rahema.csv
295,When I grow up I want to be napoleon Dzombe,Economy,Positive,High,Yes,,Facebook_Comment_Annotation - Rahema.csv
296,Mzeru 🔥🔥,Economy,Positive,High,Yes,,Facebook_Comment_Annotation - Rahema.csv
297,Uyuyu mkatundu,Economy,Positive,High,Yes,,Facebook_Comment_Annotation - Rahema.csv
298,"Ku Dowa kuli anthu oganiza bhoo heavy. 
 Ife ngati aku Dowa tili okondwa kwambiri",Economy,Positive,High,Yes,,Facebook_Comment_Annotation - Rahema.csv
299,Izi ndizomwe tinkadikilira,Economy,Positive,High,Yes,,Facebook_Comment_Annotation - Rahema.csv
300,Dowa sigawa kamba 💥💥💥,Economy,Positive,High,Yes,,Facebook_Comment_Annotation - Rahema.csv
301,This guy is amazing kkkk,Economy,Positive,High,Yes,,Facebook_Comment_Annotation - Rahema.csv
302,Wonderful,Economy,Positive,High,Yes,,Facebook_Comment_Annotation - Rahema.csv
303,King dzombe,Economy,Positive,High,Yes,,Facebook_Comment_Annotation - Rahema.csv
304,Iyi ndenkhani kaya.....why hasn't it been in the limelight already hearing this first time...progressive thinking #salute,Economy,Positive,High,Yes,,Facebook_Comment_Annotation - Rahema.csv
305,"Mr dzombe is doing the best mwina dzombe linakakhala boma ,boma nkukhala dzombe",Economy,Positive,High,Yes,,Facebook_Comment_Annotation - Rahema.csv
306,The Power of the innovative minds 🔥,Economy,Positive,High,Yes,,Facebook_Comment_Annotation - Rahema.csv
307,That's positive thinking finding solutions to problems crippling the country we need more of you than politicians in this country,Economy,Positive,High,Yes,,Facebook_Comment_Annotation - Rahema.csv
308,Very impressive,Economy,Positive,High,Yes,,Facebook_Comment_Annotation - Rahema.csv
309,Waivungira kwakuya mdalayu yhoo💪💪,Economy,Positive,High,Yes,,Facebook_Comment_Annotation - Rahema.csv
310,The greatest progress in malawi,Economy,Positive,High,Yes,,Facebook_Comment_Annotation - Rahema.csv
311,Machine pawonkha,Economy,Positive,High,Yes,,Facebook_Comment_Annotation - Rahema.csv
312,People we need in this country ali ngat inuyo. Big up .,Economy,Positive,High,Yes,,Facebook_Comment_Annotation - Rahema.csv
313,Nzeru zokhazokha,Economy,Positive,High,Yes,,Facebook_Comment_Annotation - Rahema.csv
314,Great Man With Great Vision 💯✊️,Economy,Positive,High,Yes,,Facebook_Comment_Annotation - Rahema.csv
315,"Mechanical engineers
 Industrial Engineers
 Chemical Engineers
 Accountants 
 Journalists
 
 And many more notable fields will be employed here by someone who never submitted an assignment.
 
 Zeru zapa ndalama sizimafunika sukulu yapatali nkhan ndikumvetsa mene business ingayendele basi.
 
 #Bravo our own home made billionaire 
 Dowa osadzayitola even 200 metric tones yomwe APM akugula Zambia ija kulowa mu misika ya ku Dowa atha kukayipeza.",Economy,Neutral,Medium,Yes,,Facebook_Comment_Annotation - Rahema.csv
317,Dolo kwambiri,Economy,Positive,High,Yes,,Facebook_Comment_Annotation - Rahema.csv
318,Build Malawi,Economy,Positive,High,Yes,,Facebook_Comment_Annotation - Rahema.csv
319,Great movie,Economy,,,,,Facebook_Comment_Annotation - Rahema.csv
320,Bola mwina nkumazagurako 4k nkathu uja 🤣🤣🤣,Economy,Neutral,High,No,its not making sense,Facebook_Comment_Annotation - Rahema.csv
321,Congrats,Economy,Positive,High,Yes,,Facebook_Comment_Annotation - Rahema.csv
322,Kasongo,Economy,Positive,High,Yes,,Facebook_Comment_Annotation - Rahema.csv
323,Mzeru za abambo 👏🏾,Economy,Positive,High,Yes,,Facebook_Comment_Annotation - Rahema.csv
324,One of Malawian greatest men brains,Economy,Positive,High,Yes,,Facebook_Comment_Annotation - Rahema.csv
325,Apite ku LUANAR akakhare Lecturer 🔥✅,Economy,Positive,High,Yes,,Facebook_Comment_Annotation - Rahema.csv
326,Ndipo titakhala nawo 5 anthu otelewa sitingakhaleso pa top 5 of poorest country in the world,Economy,Positive,High,Yes,,Facebook_Comment_Annotation - Rahema.csv
327,Very true,Economy,Positive,High,Yes,,Facebook_Comment_Annotation - Rahema.csv
328,Azibambo,Economy,Positive,High,Yes,,Facebook_Comment_Annotation - Rahema.csv
329,Katundu 🔥,Economy,Positive,High,Yes,,Facebook_Comment_Annotation - Rahema.csv
168,true son of soil,Economy,Neutral,High,Yes,,Facebook_Comment_Annotation - Thando.csv
169,Thus a way to go as country 💥,Economy,Positive,High,Yes,approval,Facebook_Comment_Annotation - Thando.csv
170,There is a legend behind who is reading the comments without commenting 🥱🥱😆,Economy,Negative,High,No,unrelated,Facebook_Comment_Annotation - Thando.csv
171,In my opinion he's second richest person in Malawi pa 1 pali Bushiri,Economy,Negative,High,No,out of line,Facebook_Comment_Annotation - Thando.csv
172,This is what we needed.. Well done Mr...... Next tione simbi nd mpinganjila kut nawoso atana after bushir and nazombe,Economy,Neutral,High,Yes,,Facebook_Comment_Annotation - Thando.csv
173,"Moreee grace 
 More blessings 
 More wisdom 
 More money 
 
 Mr Dzombe",Economy,Neutral,High,Yes,,Facebook_Comment_Annotation - Thando.csv
174,Namadingo and Napoleon,,Negative,Low,No,irrelevant,Facebook_Comment_Annotation - Thando.csv
175,Siza ma degree a history wo😂,Economy,Negative,Low,No,,Facebook_Comment_Annotation - Thando.csv
176,Mbambande 🔥🔥🙌,Economy,Positive,High,Yes,,Facebook_Comment_Annotation - Thando.csv
177,"Live from Gaborone 
 Lazaro, We got this and Nick are silent partners",Economy,Negative,Medium,No,irrelevant,Facebook_Comment_Annotation - Thando.csv
178,The people from dowa we safe,Economy,Neutral,High,Yes,,Facebook_Comment_Annotation - Thando.csv
179,One man can change the world.,Politics,Positive,High,Yes,,Facebook_Comment_Annotation - Thando.csv
180,Best to do is more practical then theory,Economy,Positive,High,Yes,,Facebook_Comment_Annotation - Thando.csv
181,Super hero💪,Economy,Positive,High,Yes,,Facebook_Comment_Annotation - Thando.csv
182,My role model....form 1 bas kuzsyàa,Economy,Neutral,High,Yes,,Facebook_Comment_Annotation - Thando.csv
183,Mchewa wamzeru 🔥🔥🔥,Economy,Positive,High,Yes,,Facebook_Comment_Annotation - Thando.csv
184,Mbambande 🔥,Economy,Positive,High,Yes,,Facebook_Comment_Annotation - Thando.csv
185,Oh yes. ...truck driver naye ndi Muthu osamangokhalila ku bela sosobina azitisatila pa dowa pompa,Economy,Negative,Low,No,socially inappropriate,Facebook_Comment_Annotation - Thando.csv
186,Business tycoon with Brilliant ideas,Economy,Positive,High,Yes,,Facebook_Comment_Annotation - Thando.csv
187,Osazamupwekesa pat,Economy,Positive,High,Yes,,Facebook_Comment_Annotation - Thando.csv
188,"People like you Prophet Shepherd Bushiri and Napoleon Dzombe need to be supported by the government in one one way or another.
 
 Imagine, creating jobs for Malawians, saving forex for Malawi, paying tax to government, stabilising the fertiliser market, as benefits and plus many more. Don't these people deserve grants from government to further invest in malawi.
 
 Even the president of Malawi should offer free access calls to these men to be discussing investment ideas with them. 
 
 Non should block these men on their way to pursuing excellence for the benefit of malawi",Economy,Positive,High,Yes,,Facebook_Comment_Annotation - Thando.csv
189,Wadza Napoleon 👏👏👏,Economy,Neutral,High,Yes,,Facebook_Comment_Annotation - Thando.csv
190,ku Dowa🔥🤣,Economy,Neutral,Medium,Yes,,Facebook_Comment_Annotation - Thando.csv
191,At last we have someone igneous from Dowa,Economy,Positive,High,Yes,,Facebook_Comment_Annotation - Thando.csv
192,Dowa osadzaynyoza kuli zkazodalilika,Politics,Neutral,High,Yes,,Facebook_Comment_Annotation - Thando.csv
193,Basi kudowa mdikumalawi,Politics,Neutral,High,Yes,,Facebook_Comment_Annotation - Thando.csv
195,Mbambande 🔥,Economy,Positive,High,Yes,,Facebook_Comment_Annotation - Thando.csv
196,And he made it kwao konko,Economy,Neutral,High,Yes,,Facebook_Comment_Annotation - Thando.csv
197,Napolion ndiboma palokha✌️,Economy,Neutral,High,Yes,,Facebook_Comment_Annotation - Thando.csv
198,The true visionary leader. He brings solutions to problems. We are proud of you Dr. Dzombe. Malawi will never be the same with abundance of fertilizer. Hunger will no longer oppress Malawians in near future.,Economy,Positive,High,Yes,,Facebook_Comment_Annotation - Thando.csv
199,Ochewa ozelu 🥰,Economy,Positive,High,Yes,,Facebook_Comment_Annotation - Thando.csv
200,Concept - Demand +Supply ✔️,Economy,Positive,High,Yes,,Facebook_Comment_Annotation - Thando.csv
201,Dowa to the world,Economy,Neutral,High,Yes,,Facebook_Comment_Annotation - Thando.csv
202,Mchonya💪✊🔥,Economy,Positive,High,Yes,,Facebook_Comment_Annotation - Thando.csv
203,Long live Napoleon Dzombe 🥳🥳🥳🥳🥳,Economy,Positive,High,Yes,,Facebook_Comment_Annotation - Thando.csv
204,Dowa on map iwe 🔥🔥🔥🔥,Economy,Positive,High,Yes,,Facebook_Comment_Annotation - Thando.csv
205,Dolo heavy,Economy,Positive,High,Yes,,Facebook_Comment_Annotation - Thando.csv
206,"Big brain never disappoint,,,,,,,, not izi am graduate from proper uni Aaaa magaye",Economy,Positive,High,Yes,,Facebook_Comment_Annotation - Thando.csv
207,"I'm interested,,,but what type of Grasshopper is? 😅😅😅",Economy,Negative,Low,No,off topic,Facebook_Comment_Annotation - Thando.csv
208,Awa Ali zindalama,Economy,Neutral,Medium,Yes,,Facebook_Comment_Annotation - Thando.csv
209,That's the spirit,Economy,Positive,High,Yes,,Facebook_Comment_Annotation - Thando.csv
210,Dowa ija kuno zamphavu,Economy,Positive,High,Yes,,Facebook_Comment_Annotation - Thando.csv
211,Mikhula ng'ona ija 😂😂,Economy,Positive,High,No,,Facebook_Comment_Annotation - Thando.csv
212,Public figure💪💪💥💥💥zelu za madala!!,Economy,Positive,High,Yes,,Facebook_Comment_Annotation - Thando.csv
213,Wodemaya ur father is doing history once again,Economy,Positive,High,Yes,,Facebook_Comment_Annotation - Thando.csv
214,"People with visions, development is in our DNA.",Economy,Positive,High,Yes,,Facebook_Comment_Annotation - Thando.csv
215,"Is he married,ask for my sister",Economy,Negative,Low,No,unnecessary comment,Facebook_Comment_Annotation - Thando.csv
216,Yaza ase aaa inu,Economy,Positive,High,Yes,,Facebook_Comment_Annotation - Thando.csv
217,Dowa to the world,Economy,Positive,High,Yes,,Facebook_Comment_Annotation - Thando.csv
218,Bravo napoleon,Economy,Positive,High,Yes,,Facebook_Comment_Annotation - Thando.csv
219,Thats away to go 🔥🔥,Economy,Positive,High,Yes,,Facebook_Comment_Annotation - Thando.csv
220,The bank of Mzeru,Economy,Positive,High,Yes,,Facebook_Comment_Annotation - Thando.csv
221,Thus why dowa is independent country in Malawi under president Dr. Laz Chakwera,Economy,Neutral,Medium,Yes,,Facebook_Comment_Annotation - Thando.csv
222,Dolo heavy,Economy,Positive,High,Yes,,Facebook_Comment_Annotation - Thando.csv
223,Malawian Dagote 😀,Economy,Positive,High,Yes,,Facebook_Comment_Annotation - Thando.csv
224,Enafe tidzikotamba basi 😂,Economy,Negative,Low,No,not really what we are focusing .. off track,Facebook_Comment_Annotation - Thando.csv
225,The Only person in Dowa,Economy,Neutral,Medium,Yes,,Facebook_Comment_Annotation - Thando.csv
226,ADMARC nayoso must transition from a fertilizer distributor to a fertilizer manufacturer to protect against global price shocks and politically driven subsidy cycles. Boma n'chi machine chimakhala ndi capital yambiri,Economy,Positive,High,Yes,,Facebook_Comment_Annotation - Thando.csv
227,Kaya thesis yanga inandithandiza kaya....what was I defending 😃😃😃,Economy,Neutral,Medium,No,it's an opinion based on edu,Facebook_Comment_Annotation - Thando.csv
228,Yaza weni weni,Economy,Positive,High,Yes,,Facebook_Comment_Annotation - Thando.csv
229,𝘼𝙋𝙈 𝘼𝙆𝙃𝘼𝙇𝙄𝙏𝙎𝙀 🇲🇼✍️,Economy,Neutral,Medium,Yes,,Facebook_Comment_Annotation - Thando.csv
230,Our tomorrow's Dangote 🔥,Economy,Positive,High,Yes,,Facebook_Comment_Annotation - Thando.csv
231,Bola dpp isayikepo chiphazi,Economy,Neutral,Medium,No,not connected,Facebook_Comment_Annotation - Thando.csv
232,"Imagine a government made of Bushiri, Napoleon and mpinganjira",Economy,Neutral,Medium,Yes,,Facebook_Comment_Annotation - Thando.csv
233,Dowa ndiya madolo 🔥 musamaphweketse ma guy😂,Economy,Positive,High,Yes,,Facebook_Comment_Annotation - Thando.csv
234,Big brain with vinzeru,Economy,Positive,High,Yes,,Facebook_Comment_Annotation - Thando.csv
235,People who deserve much respect,Economy,Positive,High,Yes,,Facebook_Comment_Annotation - Thando.csv
236,Great thinker,Economy,Positive,High,Yes,,Facebook_Comment_Annotation - Thando.csv
237,Great initiative,Economy,Positive,High,Yes,,Facebook_Comment_Annotation - Thando.csv
238,🔥🔥great minds,Economy,Positive,High,Yes,,Facebook_Comment_Annotation - Thando.csv
239,God bless the man,Economy,Positive,High,Yes,,Facebook_Comment_Annotation - Thando.csv
240,Now I understand where people in dowa get their confidence,Economy,Neutral,Medium,Yes,,Facebook_Comment_Annotation - Thando.csv
241,Great thinkers.Salute,Economy,Positive,High,Yes,,Facebook_Comment_Annotation - Thando.csv
242,Congratulations to Nazombe for such a great project that can help Malawian to reduce food insecurity in our Country,Economy,Positive,High,Yes,,Facebook_Comment_Annotation - Thando.csv
243,The greatest human act is to inspire! Big up Dr Napoleon Dzombe,Economy,Positive,High,Yes,,Facebook_Comment_Annotation - Thando.csv
244,Great minds,Economy,Positive,High,Yes,,Facebook_Comment_Annotation - Thando.csv
245,"Machine, great job",Economy,Positive,High,Yes,,Facebook_Comment_Annotation - Thando.csv
246,King of malawi,Economy,Positive,High,Yes,,Facebook_Comment_Annotation - Thando.csv
247,"Better 
 Congratulations",Economy,Positive,High,Yes,,Facebook_Comment_Annotation - Thando.csv
248,End God bless you,Economy,Positive,High,Yes,,Facebook_Comment_Annotation - Thando.csv
0,"This is a major breakthrough for Malawi. Local production of fertilizer means food security, reduced import costs, and economic empowerment for farmers. Well done to Mr. Dzombe for investing in solutions that benefit the whole nation.",Economy,Positive,High,Yes,,Facebook_Comment_Annotation - Viwongo.csv
1,Someone is working hard to get a degree so that he can be employed by Dzombe in his company while Dzombe has no a degree but is wise that's why Solomon requested wisdom from God not intelligence .God favours everyone .More blessings to Dzombe. Umatirira!!!!,Economy,Positive,High,Yes,,Facebook_Comment_Annotation - Viwongo.csv
2,That guy he will be our malawian Elon musk,Economy,Positive,High,Yes,A comparison to a big public figure of wealth,Facebook_Comment_Annotation - Viwongo.csv
3,"Napoleon Grasshoppers, thinks like AI",Economy,Neutral,Medium,Yes,Doesnt make sense,Facebook_Comment_Annotation - Viwongo.csv
4,"If Napoleon,Simbi,Mpinganjira and Bushiri were to be well used,Malawi would not be the same again.",Economy,Neutral,Medium,No,,Facebook_Comment_Annotation - Viwongo.csv
5,We want more Napoleon Dzombes than Politicians.,Economy,Positive,High,Yes,They are showing support by asking for more people like the man in the spotliight,Facebook_Comment_Annotation - Viwongo.csv
6,When money meet vision,Economy,Positive,Medium,No,,Facebook_Comment_Annotation - Viwongo.csv
7,Zeru zabambo,Economy,Positive,High,Yes,,Facebook_Comment_Annotation - Viwongo.csv
8,While others are competing for leadership 🤷,Economy,Positive,Medium,Yes,,Facebook_Comment_Annotation - Viwongo.csv
10,bwana mpinganjila atangomanga ena awiri we won't have to worry about fertiliser again and also unemployment rate would drop by 0.03% according to me... and This would replace 60% of imported fertilizer saving us about 144 million USD per year. This is also according to me,Economy,Positive,Medium,Yes,,Facebook_Comment_Annotation - Viwongo.csv
11,"Awawa man aaaaa I don't knw how to describe him ,so creative,so innovative,a true meaning of an entrepreneur how cn someone have all these qualities eeeee Dolo ka handede",Economy,Positive,High,Yes,,Facebook_Comment_Annotation - Viwongo.csv
12,Proud member of Dowa Nee Lumbadzi 🤣🤣,Economy,Neutral,Medium,Yes,,Facebook_Comment_Annotation - Viwongo.csv
13,The leader who had no tittle✌️✌️,Economy,Positive,High,Yes,,Facebook_Comment_Annotation - Viwongo.csv
14,"Katundu mzito🥳🥳🥳Achalume,munthu mulala chomene🔥🔥🔥🔥🔥",Economy,Positive,High,Yes,,Facebook_Comment_Annotation - Viwongo.csv
15,"Apapa wainyamula Malawi since Malawi's economy is Agriculture-based. We expect increased GDP per capita, sustainable food security and why not increased employment rate? Bravo🔥",Economy,Positive,High,Yes,,Facebook_Comment_Annotation - Viwongo.csv
16,Uyuyu osazamutola,Economy,Positive,Medium,Yes,,Facebook_Comment_Annotation - Viwongo.csv
17,I think our politicians can learn a bog lesson this man!,Economy,Positive,Medium,Yes,,Facebook_Comment_Annotation - Viwongo.csv
18,"Kkk by the end of the day umva boma layamba kumukankza forex to order inputs for making fertilizer we have to buy fertilizer outside 😂😂..
 
  but this is nice we need this visionary",Economy,Positive,High,Yes,,Facebook_Comment_Annotation - Viwongo.csv
19,Now Warm Heart of Africa on the Map with Napo.. Dzombe!!!!,Economy,Positive,High,Yes,,Facebook_Comment_Annotation - Viwongo.csv
20,This one is a Malawian promax,Economy,Positive,High,Yes,,Facebook_Comment_Annotation - Viwongo.csv
21,Napoleon he's a big Man more than hangry,Economy,Neutral,Medium,No,its unclear,Facebook_Comment_Annotation - Viwongo.csv
22,Abomawa zimawavuta Pati?,Economy,Positive,High,Yes,,Facebook_Comment_Annotation - Viwongo.csv
23,Our next president 🔥🔥,Economy,Positive,High,Yes,,Facebook_Comment_Annotation - Viwongo.csv
24,Dowa ija osazaiphwekesa🔥🔥,Economy,Positive,High,Yes,"even though it seems off point logically, we know what they mean when they mention their satet like this, it means they are in support",Facebook_Comment_Annotation - Viwongo.csv
25,Napoleon is an idea. A Concept ❤️,Economy,Positive,High,Yes,,Facebook_Comment_Annotation - Viwongo.csv
26,Entrepreneurs of the decade,Economy,Positive,High,Yes,,Facebook_Comment_Annotation - Viwongo.csv
27,The real definition of Breakthrough,Economy,Positive,High,Yes,,Facebook_Comment_Annotation - Viwongo.csv
28,Size ya Town,Economy,Positive,High,Yes,,Facebook_Comment_Annotation - Viwongo.csv
29,cutting the snake's head,Economy,Positive,High,Yes,,Facebook_Comment_Annotation - Viwongo.csv
31,"Sizachina mpinganjiraaa anuwooo, 🤣🤣🤣🤣 big up Mr man, so vigilant",Economy,,,,,Facebook_Comment_Annotation - Viwongo.csv
32,Chakwera ankatichedwesa ma guy 😌😌,Economy,Positive,High,Yes,,Facebook_Comment_Annotation - Viwongo.csv
33,Our own pangolin,Economy,Positive,High,Yes,,Facebook_Comment_Annotation - Viwongo.csv
34,"Ndava kale at 
 
 Urea 49 pin
 Npk 51
 
 Ku dowa kuno president tamupeza",Economy,Positive,High,Yes,,Facebook_Comment_Annotation - Viwongo.csv
35,Justice Dzombe Jnr kod za uncle akowaa sumafotonza bwno bwanjii kapenaa umakana mzikupemphaa etiii ?? 😃😃😃,Economy,Neutral,Medium,No,"doenst seem to show any real sentiment towards the topic, even so it seems more of a personal thing than something you would find common in a comment",Facebook_Comment_Annotation - Viwongo.csv
36,"I do remember his words he said Engineer ndimwana wa school 😂😂😂,Big up Napoleon",Economy,Positive,Medium,Yes,,Facebook_Comment_Annotation - Viwongo.csv
37,Kumwer omuver fungo fertilizer amey achina chicken kkkkk,Economy,Neutral,Medium,No,unclear,Facebook_Comment_Annotation - Viwongo.csv
38,Apapa aliyese Ali ndi Malo azilima basi,Economy,Neutral,Medium,No,specific to post,Facebook_Comment_Annotation - Viwongo.csv
39,Basitu mlimi asangalale,Economy,Positive,High,Yes,,Facebook_Comment_Annotation - Viwongo.csv
40,Dolo ka 20..,Economy,Positive,High,Yes,,Facebook_Comment_Annotation - Viwongo.csv
41,Sakufuna kuima u president 2030? Asking on behalf of my village people 😁😁😁,Economy,Neutral,Medium,No,no expression of sentiment,Facebook_Comment_Annotation - Viwongo.csv
42,Tawapangeni tag amweko Fanta pa bill yanga,Economy,Positive,High,Yes,,Facebook_Comment_Annotation - Viwongo.csv
43,Kwanthu kudowa mkokoma.,Economy,Positive,High,Yes,,Facebook_Comment_Annotation - Viwongo.csv
44,"When you give a great Man power, the consequences are wonderful",Economy,Positive,High,Yes,,Facebook_Comment_Annotation - Viwongo.csv
45,Am next upcoming billionaire from Dowa like this people from my Original District,Economy,Neutral,Medium,No,,Facebook_Comment_Annotation - Viwongo.csv
46,Dowayo kuti buuuuuu,Economy,Positive,High,Yes,,Facebook_Comment_Annotation - Viwongo.csv
47,Eh Dowa osazamuphwekesa Guyz kuli mikhatheya 🤣🤣🤣💪💪💪💪 I appreciate my district,Economy,Positive,High,Yes,,Facebook_Comment_Annotation - Viwongo.csv
48,"Doing tingz in silent..
 Routes of legends🙌✊",Economy,Positive,High,Yes,,Facebook_Comment_Annotation - Viwongo.csv
49,Napoli mpinga bushimatic,Economy,Neutral,Medium,No,unclear and uncommon,Facebook_Comment_Annotation - Viwongo.csv
50,"Hope they will be opting in Organic manure production too..
 We don't wanna Alkaline all our land now, do we??
 Soil acidic can be more concerning than the affordability and availability of the Fertilizer.
 Well done Mr Dzombe.",Economy,Neutral,High,Yes,,Facebook_Comment_Annotation - Viwongo.csv
51,"This one, Bushiri, Simbi Phiri, Mpinganjira and few notable individuals are the only motivational speakers who can boldly advise me on finance, otherwise the rest should be football commentators or tobacco auction callers😂🤣😂😆",Economy,Positive,High,Yes,,Facebook_Comment_Annotation - Viwongo.csv
52,District Of Wise Africans (DOWA),Economy,Neutral,Medium,No,"no form of sentiment, and uncommon",Facebook_Comment_Annotation - Viwongo.csv
53,"There are three types of students in this world. Students A who become doctors/lawyers, Students B who work for Students C. I guess you understand the students C. Well, students C are people like Napoleon Dzombe and others we have witnessed through out academic journey with low academic passing grades but ending up doing big. Just know that the students C run the world.",Economy,Neutral,High,No,,Facebook_Comment_Annotation - Viwongo.csv
54,Politicians will think it's AI😂,Economy,Neutral,High,No,,Facebook_Comment_Annotation - Viwongo.csv
55,"That's what we expect from an entrepreneur. As a bonafide citizen of Malawi, he also heard the news that the govt in it's full capacity ladyesa ndrama Ku butchery",Economy,Positive,High,Yes,,Facebook_Comment_Annotation - Viwongo.csv
56,Dripping is culture 👌 ✨️,Economy,Neutral,Medium,No,,Facebook_Comment_Annotation - Viwongo.csv
57,Money if I catch you 😀,Economy,Positive,High,Yes,,Facebook_Comment_Annotation - Viwongo.csv
58,Public private partnership needs like these people. Graphite in Malingunde can be a raw material for this project. Kudos for that! Government should also collaborate with these people to develop mining industries on public private partnership in order to boost our forex and job scarcity.,Economy,Neutral,Low,No,a specific case,Facebook_Comment_Annotation - Viwongo.csv
59,"Ena kumva choncho zimitima kuwawa cholinga a Malawi tizivutika. Fertilizer chachala chinthu chopangira huge profits pa a Malawi Komanso chopangira ndale. Weldone Mr Dzombe. Inuyo ndi munthu wa vision, unmatched for that matter",Economy,Neutral,Medium,No,taking it a bit personal,Facebook_Comment_Annotation - Viwongo.csv
60,"Kaigoni...ask me in April, 2026 when I will be buying the first bag.",Economy,Neutral,Low,No,also a personal case,Facebook_Comment_Annotation - Viwongo.csv
61,"Dowa mumayinyozayi, 🔥🔥🔥",Economy,Neutral,Low,No,off point,Facebook_Comment_Annotation - Viwongo.csv
62,Republic of Dowa💪💪,Economy,Neutral,Medium,No,off point,Facebook_Comment_Annotation - Viwongo.csv
63,Udolo kma umeneu,Economy,Positive,High,Yes,,Facebook_Comment_Annotation - Viwongo.csv
64,"Education is a key in America, who told you that we all use the same key??
 
 Big up to Mr DZOMBE on behalf of Dowa County 🗝️🔑",Economy,Positive,High,Yes,,Facebook_Comment_Annotation - Viwongo.csv
65,Zeru za adada🔥🔥,Economy,Positive,High,Yes,,Facebook_Comment_Annotation - Viwongo.csv
66,Mzelu zabambo wawa,Economy,Positive,High,Yes,,Facebook_Comment_Annotation - Viwongo.csv
67,Wise Man from the east no PhD diploma certificate but full of wisdom,Economy,Positive,High,Yes,,Facebook_Comment_Annotation - Viwongo.csv
69,Governments have come and gone non thought of this investment 🙌,Economy,Positive,High,Yes,,Facebook_Comment_Annotation - Viwongo.csv
70,Napoleon is the one then mupinganjila,Economy,Neutral,Medium,No,no context really,Facebook_Comment_Annotation - Viwongo.csv
71,Mzeru zaku Dowa ♥️,Economy,Neutral,Medium,No,off point,Facebook_Comment_Annotation - Viwongo.csv
72,Kupos ama degree otolera 🤣🤣🤣,Economy,Neutral,Medium,No,a bit vague,Facebook_Comment_Annotation - Viwongo.csv
74,Dolo ka handende🔥🔥🔥,Economy,Positive,High,Yes,,Facebook_Comment_Annotation - Viwongo.csv
75,Aimile u pule tinvotera,Economy,Positive,High,Yes,,Facebook_Comment_Annotation - Viwongo.csv
76,"For Malawians sake, this guy ought to be reincarnated. Asazafe👌",Economy,Positive,High,Yes,,Facebook_Comment_Annotation - Viwongo.csv
77,Now we can qualify to be agro-based country,Economy,Positive,High,Yes,,Facebook_Comment_Annotation - Viwongo.csv
78,Shasha kwambir 🔥🔥,Economy,Positive,High,Yes,,Facebook_Comment_Annotation - Viwongo.csv
79,I like how our billionaires are taking everything into their own hands slowly but surely👏🔥,Economy,Positive,High,Yes,,Facebook_Comment_Annotation - Viwongo.csv
80,Unja nd dolo,Economy,Positive,High,Yes,,Facebook_Comment_Annotation - Viwongo.csv
81,Tsotsi Prince dzombee 🤣🤣 Asante E Sâññîê,Economy,Positive,High,Yes,,Facebook_Comment_Annotation - Viwongo.csv
82,Apre akudowa,Economy,Neutral,Medium,No,,Facebook_Comment_Annotation - Viwongo.csv
83,"And the whole Luaner, been doing experiments for more than 20 years now to come up with such innovation 😂😂😂😂",Economy,Neutral,Medium,No,,Facebook_Comment_Annotation - Viwongo.csv
