text,cleaned_text,true_label,predicted_label
Uyu akuposa Mr 6 billion kuganiza,uyu akuposa mr <num> billion kuganiza,positive,negative
He's an answer than Malawi government,he ' s an answer than malawi government,positive,neutral
Corruption ili mwa wa police,corruption ili mwa wa police,negative,negative
"Nonsense at all
Mapolisawo nawo ndi anthu
Nothing will change
Ndipo zinthu zinkela kelabe kuvuta",nonsense at all mapolisawo nawo ndi anthu nothing will change ndipo zinthu zinkela kelabe kuvuta,negative,negative
Bring back our fuel Period.,bring back our fuel period.,negative,negative
Mmmm apolisi ake atiwo inu mmmm,mmmm apolisi ake atiwo inu mmmm,negative,negative
Kumaliwopa mawa,kumaliwopa mawa,neutral,negative
A police anjoye inde salary ndiyochepa,a police anjoye inde salary ndiyochepa,neutral,negative
Ndani ankadziwa kuti filling station padzakhara alonda ABoma,ndani ankadziwa kuti filling station padzakhara alonda aboma,negative,neutral
mukamapanga zanuzo ine musandiwelengele😅💔,mukamapanga zanuzo ine musandiwelengele😅💔,neutral,negative
Aliyense alikumeneko kukhutitsa mimba yake osati zokoza dziko,aliyense alikumeneko kukhutitsa mimba yake osati zokoza dziko,negative,negative
400 million USD 🥹,<num> million usd 🥹,neutral,negative
Mkulukuta moyo akubwela ndizelu dzausilutu,mkulukuta moyo akubwela ndizelu dzausilutu,negative,neutral
Osangozichotsa bwa za chani 🤔,osangozichotsa bwa za chani 🤔,negative,negative
Aaaaah mwasowa zolembatu kumalawi kuli wapolice? Aaaah zose mukukambazi zikumachitika wa police Ali pafupi ndipo akumaona osachitapo kanthu,aaaaah mwasowa zolembatu kumalawi kuli wapolice? aaaah zose mukukambazi zikumachitika wa police ali pafupi ndipo akumaona osachitapo kanthu,negative,negative
"Apa nde apeza allowance apolisi yokadyera nyama kunyumba, kumwera komanso kudzipepesera kwa ma secretary sure . Uku ndiye timati kuika khoswe pa mtedza","apa nde apeza allowance apolisi yokadyera nyama kunyumba , kumwera komanso kudzipepesera kwa ma secretary sure . uku ndiye timati kuika khoswe pa mtedza",negative,negative
naye wa police ndi munthu,naye wa police ndi munthu,neutral,negative
Kkkk mafuta kulibe,kkkk mafuta kulibe,negative,negative
Ngati anthu akukana za paper what more zizudezi,ngati anthu akukana za paper what more zizudezi,negative,negative
"4 million litres plus, ndimafuta ochepa kwambili","<num> million litres plus , ndimafuta ochepa kwambili",neutral,negative
Komatu boma lapanikizika osati masewera kkkkkkk,komatu boma lapanikizika osati masewera kkkkkkk,negative,negative
Koma zikuchitikadi izizi?,koma zikuchitikadi izizi?,neutral,negative
Boma ilooo alekeni agalu kuuwa ndi kwao,boma ilooo alekeni agalu kuuwa ndi kwao,positive,negative
A police aphula apa,a police aphula apa,neutral,negative
Police officer ndiye wachinyengoyo,police officer ndiye wachinyengoyo,negative,negative
"Chikufunika ndi mafuta za apolice muziwalipila ndinu? 
Kasakeni mafuta ukoo",chikufunika ndi mafuta za apolice muziwalipila ndinu? kasakeni mafuta ukoo,negative,negative
Kutha Kwa shasaha. Ngati 20 kwacha yapepala imaksnidwa mmashopumu. Nde ya coin iphupha???,kutha kwa shasaha. ngati <num> kwacha yapepala imaksnidwa mmashopumu. nde ya coin iphupha???,negative,negative
Apolisi akungosekelera kuti apa basi tawoloka,apolisi akungosekelera kuti apa basi tawoloka,negative,negative
Mwai kwa wa polisi tiziyamba kumpatsa kenakake iyeyo,mwai kwa wa polisi tiziyamba kumpatsa kenakake iyeyo,negative,negative
everyone is a spokeperson during chaos,everyone is a spokeperson during chaos,negative,negative
Abalalika2,abalalika2,negative,negative
Apolice ake ati?,apolice ake ati?,negative,negative
Tazolowela bas,tazolowela bas,neutral,neutral
"We've been there, done that but it always ended in tears 🤣🤣","we ' ve been there , done that but it always ended in tears 🤣🤣",neutral,negative
That's great 👍🏾👍🏾,that ' s great 👍🏾👍🏾,positive,positive
Aaaaaa police basi busy zimenezo? U guy can do better than that.. Find the root of thee problem,aaaaaa police basi busy zimenezo? u guy can do better than that.. find the root of thee problem,neutral,positive
Kutha ma plan tu uku Takasake forex iwe Takasake mafuta nyapala iwe tipitanso ku mseu tu,kutha ma plan tu uku takasake forex iwe takasake mafuta nyapala iwe tipitanso ku mseu tu,negative,negative
Serious anthu atigedanazo eish,serious anthu atigedanazo eish,negative,negative
"Kodi ndalama zimenezi tizigulira chani ndi mmene zinthu zililimu?
Komanso dziko lino aahh😂😂😂",kodi ndalama zimenezi tizigulira chani ndi mmene zinthu zililimu? komanso dziko lino aahh😂😂😂,negative,negative
Kkkkkkk money talks even men in uniform accept it,kkkkkkk money talks even men in uniform accept it,negative,negative
Akumatolela ndalama kwa anyamata a zigubu mesa ndi a Police omwewo.,akumatolela ndalama kwa anyamata a zigubu mesa ndi a police omwewo.,negative,negative
Still will never help coz anthuwa amathira full tank mugalimoto ndikukachotsamo kunyumba,still will never help coz anthuwa amathira full tank mugalimoto ndikukachotsamo kunyumba,negative,neutral
My Malawi 🇲🇼,my malawi 🇲🇼,neutral,neutral
Nthawi yakuti a police nawo apange ndalama.,nthawi yakuti a police nawo apange ndalama.,negative,negative
Iwowo ndi boma? 😂,iwowo ndi boma? 😂,neutral,negative
The same old song,the same old song,neutral,negative
nde adziwalipila ndi ndani a MERA kapena eni station?? komaso pakakhala a police nde hiiiii siziyenda nkomwe ma guy awawa anazolowera katangale,nde adziwalipila ndi ndani a mera kapena eni station?? komaso pakakhala a police nde hiiiii siziyenda nkomwe ma guy awawa anazolowera katangale,negative,negative
A police  wo aziwalipira  ndindani? Mesa  paja  amapanga  charge  ma services  ngati  amenewa?? Mitu yophwanyikayo  fotseki,a police wo aziwalipira ndindani? mesa paja amapanga charge ma services ngati amenewa?? mitu yophwanyikayo fotseki,negative,negative
Boma iro!  Kodi anthu tidati mchani powavotera akanganya awawa? Kom aMa lawi tikuzuzika police mpakana yachani ? Bweresani mafuta okwana basi.,boma iro! kodi anthu tidati mchani powavotera akanganya awawa? kom ama lawi tikuzuzika police mpakana yachani ? bweresani mafuta okwana basi.,negative,negative
Bolaso akanangokhala chete osanena mkomwetu,bolaso akanangokhala chete osanena mkomwetu,negative,negative
Code kampani ya maheu ija ili kut inu a mcp..,code kampani ya maheu ija ili kut inu a mcp..,neutral,negative
Mesa kuyambira  mawa akhala akupezeka  filling station ⛽ iliyonse 🤣🤣🤣🤣🤣,mesa kuyambira mawa akhala akupezeka filling station ⛽ iliyonse 🤣🤣🤣🤣🤣,negative,neutral
Mbali yakuno kulibe chithu cha 20kwacha ky kwanuko,mbali yakuno kulibe chithu cha 20kwacha ky kwanuko,positive,negative
Khala chete naweso 100 ndizonyadiraso zimenezo 😂😂😂😂😂,khala chete naweso <num> ndizonyadiraso zimenezo 😂😂😂😂😂,negative,negative
Aah nchimodz modzi kungosiya choncho 😂😂😂,aah nchimodz modzi kungosiya choncho 😂😂😂,negative,negative
"Apolice ake ati? 😂😂
Nawoso kunyumba asiya mavuto ka
Nawoso akufuna ya nchere",apolice ake ati? 😂😂 nawoso kunyumba asiya mavuto ka nawoso akufuna ya nchere,negative,negative
👀,👀,neutral,negative
Aliyense wasanduka mneneri  wa boma tsopano . Where is the landlord?,aliyense wasanduka mneneri wa boma tsopano . where is the landlord?,negative,negative
Aaaaaa aziletsa zigubu,aaaaaa aziletsa zigubu,negative,negative
Kunali k 10 ya chitsulo  lero ili kuti? Apa k 20 ndi k50 ikupita basi kwa ambuyache ....tiziyambira k100 kugula chithu,kunali k <num> ya chitsulo lero ili kuti? apa k <num> ndi k50 ikupita basi kwa ambuyache ....tiziyambira k100 kugula chithu,positive,negative
Corruption number 1,corruption number <num>,negative,negative
Mesa Men in uniform ndiomwe amayambisa kut gwira apaaa,mesa men in uniform ndiomwe amayambisa kut gwira apaaa,negative,negative
"Police and fuel attendant, good connection,  
Tikuthila malire 100 pin, mmm ikani full tank 10pin yo yanu,  poweluka ma share","police and fuel attendant , good connection , tikuthila malire <num> pin , mmm ikani full tank 10pin yo yanu , poweluka ma share",negative,negative
Fodya eti🥴,fodya eti🥴,negative,negative
Zonsezi ndi DPP and MCP,zonsezi ndi dpp and mcp,negative,negative
Mcp inaononga dziko lathuli,mcp inaononga dziko lathuli,neutral,negative
Kokalipira fees tizchta kupanga hire galmoto,kokalipira fees tizchta kupanga hire galmoto,negative,negative
Intelligent man💪,intelligent man💪,positive,negative
Wa police ndiye mbava yachikhalire 😂,wa police ndiye mbava yachikhalire 😂,negative,negative
Ndipo masanje ake 🤣🤣🤣🤣 attendant ndi wa chinyengo kale nde apapanso mukuonjezela chinyengo china kkkkkk kulemeletsa apolisi azitichotsa a traffic apapa mpaka apolisi atitsatira ku filling station ..work on having alot of fuel ..get police azisaka mbava,ndipo masanje ake 🤣🤣🤣🤣 attendant ndi wa chinyengo kale nde apapanso mukuonjezela chinyengo china kkkkkk kulemeletsa apolisi azitichotsa a traffic apapa mpaka apolisi atitsatira ku filling station ..work on having alot of fuel ..get police azisaka mbava,negative,negative
"Good move 
Police officers athandiza just be vigilant on corruption.
MAFUTA akafika pa filling onse akumatutidwa nkuikidwa pakhomo zigubu it's a business now.
Suggestions.
Pakhale njira ina yochita identify vehicle owners than kumagulitsa vendors instead of vehicle owners",good move police officers athandiza just be vigilant on corruption. mafuta akafika pa filling onse akumatutidwa nkuikidwa pakhomo zigubu it ' s a business now. suggestions. pakhale njira ina yochita identify vehicle owners than kumagulitsa vendors instead of vehicle owners,positive,negative
The fall of Mkulukuta moyo,the fall of mkulukuta moyo,negative,negative
Mpakana police eish,mpakana police eish,negative,negative
Aaaa apolisi ake oletsa ma jerry can wo ati?? 🤣🤣,aaaa apolisi ake oletsa ma jerry can wo ati?? 🤣🤣,negative,negative
Ngambwingambwi mpaka security,ngambwingambwi mpaka security,positive,neutral
😍😍😍😍😍,😍😍😍😍😍,positive,negative
"Introducing new designs creates a window of opportunity for scammers to circulate fakes while people are still 'familiarizing' themselves with the look.""","introducing new designs creates a window of opportunity for scammers to circulate fakes while people are still ' familiarizing ' themselves with the look. """,negative,neutral
Which police officers...? From which country?,which police officers...? from which country?,neutral,negative
Bola tikudya nsima anthu sangamalimbirane mafuta asanakhute ayi amenewo anavotela nsima kut azikagona bwino pamizele yamafuta atakhuta,bola tikudya nsima anthu sangamalimbirane mafuta asanakhute ayi amenewo anavotela nsima kut azikagona bwino pamizele yamafuta atakhuta,neutral,negative
Kwa amene mumafuna attention Inu muxingoyika ma coin nthumba bac kut anthu azikucheukilan,kwa amene mumafuna attention inu muxingoyika ma coin nthumba bac kut anthu azikucheukilan,negative,negative
Anthu azipeleka ndalama kwa omwewo a police mkugula mafuna mwakuba,anthu azipeleka ndalama kwa omwewo a police mkugula mafuna mwakuba,negative,negative
So do you think we can come with boats to fill fuel?,so do you think we can come with boats to fill fuel?,negative,neutral
Devaluation of the Kwacha,devaluation of the kwacha,negative,negative
Zizogwira ntchito tu komà zimenezi,zizogwira ntchito tu komà zimenezi,negative,negative
Boma likupepuka 😹😹😹😹🤗,boma likupepuka 😹😹😹😹🤗,negative,negative
Wanunkha malawi,wanunkha malawi,negative,neutral
amasokoneza ndipomwe mukuwaokawa amatolera ndalama,amasokoneza ndipomwe mukuwaokawa amatolera ndalama,negative,negative
Zopanda ntchito ife tikudikira mawa paja munati mafuta apezeka,zopanda ntchito ife tikudikira mawa paja munati mafuta apezeka,negative,negative
"🤣🤣🤣🤣🤣🤣🤣 Nsima Administration.  Shupiti federation.  Ma plan akutherani mukungopanga zoyeserera basi, kuyika a police it's not a solution just bring enough fuel basi","🤣🤣🤣🤣🤣🤣🤣 nsima administration. shupiti federation. ma plan akutherani mukungopanga zoyeserera basi , kuyika a police it ' s not a solution just bring enough fuel basi",negative,negative
Tili ndi ana ofuthatu ife amaika kamwa izi aaa,tili ndi ana ofuthatu ife amaika kamwa izi aaa,negative,negative
nde 20kwachayo udzigulila chan,nde 20kwachayo udzigulila chan,negative,negative
Koma nzachani?,koma nzachani?,neutral,negative
"Ma change wo azingotipatsa ma sweet,, lather than kunyamula zingwinjiri mthumba","ma change wo azingotipatsa ma sweet , , lather than kunyamula zingwinjiri mthumba",negative,negative
"Imandisangalasa ndi Zimbabwe they use dollars themselves in Africa, Kodi sizingatheke the whole Africa tizi use one money currency","imandisangalasa ndi zimbabwe they use dollars themselves in africa , kodi sizingatheke the whole africa tizi use one money currency",neutral,negative
a Police ndiye a Corruption nanga? munthu azikagadila pa Filling station salary yake yochepa?,a police ndiye a corruption nanga? munthu azikagadila pa filling station salary yake yochepa?,negative,neutral
Bola akapanga 500 ndi 1000 yachisulo osat zawozi,bola akapanga <num> ndi <num> yachisulo osat zawozi,negative,negative
Kukakamiza zinthu.,kukakamiza zinthu.,negative,negative
Zavuta kowooda,zavuta kowooda,negative,negative
A police ake ati 😂😂😂😂 bola nawo asamabwele ndi zigubu kuti Ayambe black market,a police ake ati 😂😂😂😂 bola nawo asamabwele ndi zigubu kuti ayambe black market,negative,negative
Tangoikani fuel ng'ambwing'ambwi zimenezo kukhala kulibe,tangoikani fuel ng ' ambwing ' ambwi zimenezo kukhala kulibe,negative,negative
I hope 50kwacha imeneyo tizigulira 1kg ya sugar en 20kwacha buying 1liter of cooking oil,i hope 50kwacha imeneyo tizigulira 1kg ya sugar en 20kwacha buying 1liter of cooking oil,negative,negative
Ndalama zichokera kut zopatsa a police wo  kmso budget yose yolipila ma police wo nd zingat and for how long akhele akupanga zimenezo a MPS wo??,ndalama zichokera kut zopatsa a police wo kmso budget yose yolipila ma police wo nd zingat and for how long akhele akupanga zimenezo a mps wo??,negative,negative
"Malawi Energy Regulatory Authority pamenepo mwangowafukulira m'godi a police, they will not bring any change, ganyu ameneyu azichita kulimbirana","malawi energy regulatory authority pamenepo mwangowafukulira m ' godi a police , they will not bring any change , ganyu ameneyu azichita kulimbirana",negative,negative
Kodi mesa mumati pofika lero mafuta Akhala Ali ngambwi ngwambwi,kodi mesa mumati pofika lero mafuta akhala ali ngambwi ngwambwi,neutral,negative
Chimidzi icho,chimidzi icho,negative,negative
Kod wapoliceyo ndiye safuna ndalama? kaya tingoona katangare  akuyamba ndi amene akt ndi othetsa katangarewo.,kod wapoliceyo ndiye safuna ndalama? kaya tingoona katangare akuyamba ndi amene akt ndi othetsa katangarewo.,neutral,negative
"Tiyambira wa police yooo kuledzeresa, it's not solution neey","tiyambira wa police yooo kuledzeresa , it ' s not solution neey",neutral,negative
Koma ma agent a Airtel money and Tnm mpamba akuziwa izi ? Azikanatu kusunga zima coin zanuzi oho kkk,koma ma agent a airtel money and tnm mpamba akuziwa izi ? azikanatu kusunga zima coin zanuzi oho kkk,positive,negative
Apolice ake akumalawi omwewa?😂😂 I dought kuli chinyengo kuno cha nyoooo,apolice ake akumalawi omwewa?😂😂 i dought kuli chinyengo kuno cha nyoooo,negative,negative
Tangobweletsani fuel basi adzipezeka. Taimbani ma foni aja fuel akhalemo mu ma filling station. Apolisiwo you think can not be bribed,tangobweletsani fuel basi adzipezeka. taimbani ma foni aja fuel akhalemo mu ma filling station. apolisiwo you think can not be bribed,negative,neutral
Aaaaah nde kukaika wa police eni ake chinyengo,aaaaah nde kukaika wa police eni ake chinyengo,negative,negative
K5000 ndi K2000  ndi zimene zinayenera kupangidwa Mma  coin chifukwa chakuti K20 ife amakamtini sitigwiritsa ntchito,k5000 ndi k2000 ndi zimene zinayenera kupangidwa mma coin chifukwa chakuti k20 ife amakamtini sitigwiritsa ntchito,negative,negative
Tizigenderana zomwezo maukwatimu,tizigenderana zomwezo maukwatimu,neutral,negative
Basi tingolimba mntima,basi tingolimba mntima,neutral,negative
Wazigubu wakwiya kwambiri 🤣🤣🤣,wazigubu wakwiya kwambiri 🤣🤣🤣,neutral,negative
Inu pausilu wanu mwanva,inu pausilu wanu mwanva,negative,negative
Don't forget salary ya wa police siidalowebe eti,don ' t forget salary ya wa police siidalowebe eti,negative,negative
A police ake osaka ma 2 pin wa?? Akatero nde kuti a nyenga kobasi mma bar mu,a police ake osaka ma <num> pin wa?? akatero nde kuti a nyenga kobasi mma bar mu,negative,negative
"First paragraph - Question - WHAT DELIVERY? All tankers that bring fuel to the ports of Tanzania and Mozambique come from the Persian Gulf. NO tankers have left there since 28 February. Do your own research. So I ask again, where do you think the fuel is coming from? 
It is time to stop deceiving the people.","first paragraph - question - what delivery? all tankers that bring fuel to the ports of tanzania and mozambique come from the persian gulf. no tankers have left there since <num> february. do your own research. so i ask again , where do you think the fuel is coming from? it is time to stop deceiving the people.",negative,positive
Apolice anuwo akumalandiranso ndalama nawo ngati ma fuel attendant hahahaha ine ndi mboni,apolice anuwo akumalandiranso ndalama nawo ngati ma fuel attendant hahahaha ine ndi mboni,negative,negative
Kutha kwa 50 kwacha uku,kutha kwa <num> kwacha uku,negative,negative
The real use of police has been unveiled,the real use of police has been unveiled,positive,negative
20kwacha mukanangoicotsa inu,20kwacha mukanangoicotsa inu,positive,negative
Sorry Malawi,sorry malawi,neutral,neutral
Zantiiiiii,zantiiiiii,negative,negative
Ikadangochotsedwa bas,ikadangochotsedwa bas,positive,negative
"Aaaaa Police ikakhala zoti yagwila munthu aaaa, uku Nde timati kudyetsela anamkafumbwe","aaaaa police ikakhala zoti yagwila munthu aaaa , uku nde timati kudyetsela anamkafumbwe",negative,negative
What about 10 pin,what about <num> pin,neutral,positive
Kkkkkkkkkkk,kkkkkkkkkkk,negative,negative
Zaziiiiiii pa ndalama ilionse osangochoserapo zero bwanji,zaziiiiiii pa ndalama ilionse osangochoserapo zero bwanji,negative,negative
🤣🤣🤣🤣🤣🤣🤣🤣🤣🤣🤣🤣🤣🤣🤣🤣🤣🤣🤣🤣🤣🤣🤣🤣🤣🤣🤣🤣🤣🤣🤣🤣🤣🤣🤣🤣🤣🤣🤣🤣🤣🤣🤣🤣🤣🤣🤣🤣🤣🤣🤣🤣🤣🤣🤣🤣🤣🤣🤣🤣 yalimba mkandilo,🤣🤣🤣🤣🤣🤣🤣🤣🤣🤣🤣🤣🤣🤣🤣🤣🤣🤣🤣🤣🤣🤣🤣🤣🤣🤣🤣🤣🤣🤣🤣🤣🤣🤣🤣🤣🤣🤣🤣🤣🤣🤣🤣🤣🤣🤣🤣🤣🤣🤣🤣🤣🤣🤣🤣🤣🤣🤣🤣🤣 yalimba mkandilo,positive,negative
"Kumeko basi, kuli kanthu kokathula ndi sizasi lam telling u. Kalikonse tikawona","kumeko basi , kuli kanthu kokathula ndi sizasi lam telling u. kalikonse tikawona",negative,neutral
Ine pa shop panga ayi,ine pa shop panga ayi,negative,neutral
Kutha Kwa ndalama yakwacha tsopano kkkkkk ndalama yomvetsa chisoni,kutha kwa ndalama yakwacha tsopano kkkkkk ndalama yomvetsa chisoni,negative,negative
Mpak wa police 😂😂😂,mpak wa police 😂😂😂,neutral,negative
Do we know  what we want as a country?,do we know what we want as a country?,positive,negative
100 ndi amu Lilongwe mokha tsiku limodzi,<num> ndi amu lilongwe mokha tsiku limodzi,neutral,negative
"Petroda is the worst casualty in managing crowds. Even in the presence of the police, there is always chaos in their filling stations

Petroda Filling Station can do better","petroda is the worst casualty in managing crowds. even in the presence of the police , there is always chaos in their filling stations petroda filling station can do better",neutral,negative
"🤣🤣🤣 Malawi be  serious,, corruption it comes from 👮","🤣🤣🤣 malawi be serious , , corruption it comes from 👮",negative,negative
A police ndie amapanga  facilitates zopoila  muma filling stations'mu,a police ndie amapanga facilitates zopoila muma filling stations ' mu,negative,negative
Apapa ndie mawallet tiwataetu apa,apapa ndie mawallet tiwataetu apa,negative,negative
Ma jerricans akumadutsa bom Lori pomwepo...athu akumenyana unyolo uli manja...,ma jerricans akumadutsa bom lori pomwepo...athu akumenyana unyolo uli manja...,negative,neutral
Timasulileni baraba,timasulileni baraba,negative,negative
"400 million dollars for the whole nation while thom has over 1.1 billion dollars in person, do you think what Iam thinking? 😅😀😊😊","<num> million dollars for the whole nation while thom has over <num> . <num> billion dollars in person , do you think what iam thinking? 😅😀😊😊",neutral,negative
New look from Metal,new look from metal,positive,neutral
Chomwe chinathetsa angoni nd kalingonda 🤣🤣,chomwe chinathetsa angoni nd kalingonda 🤣🤣,negative,negative
Mavuto alipobe chakwera bapumani anthu sayamika,mavuto alipobe chakwera bapumani anthu sayamika,neutral,negative
Kkkkkk ai aaaa zakuvutan Bola nsima basi,kkkkkk ai aaaa zakuvutan bola nsima basi,negative,negative
"Mwini Dowa .
 under the Leadership of APM",mwini dowa . under the leadership of apm,neutral,negative
"Wa police wake wakumalawi, ayi zikomo","wa police wake wakumalawi , ayi zikomo",negative,negative
Pamenepo mwateteza kapena kulimbikitsa,pamenepo mwateteza kapena kulimbikitsa,negative,negative
Iyenso ndi munthu ndalama amazifuna. Palibe chomwe  mwapangapo,iyenso ndi munthu ndalama amazifuna. palibe chomwe mwapangapo,negative,negative
Who will pay allowance for the police officers ? Mmesa munkati akadula satuluka kupita kunja mafutawo ? DPP muvutika ndithu boma lotengela bodza ndi choncho,who will pay allowance for the police officers ? mmesa munkati akadula satuluka kupita kunja mafutawo ? dpp muvutika ndithu boma lotengela bodza ndi choncho,negative,negative
Kodi lameck nayeso ali ndi mphamvu yomatipatsa ma updates mpaka kumatchula mitengo,kodi lameck nayeso ali ndi mphamvu yomatipatsa ma updates mpaka kumatchula mitengo,neutral,positive
Mhu ok,mhu ok,neutral,neutral
And I quote the word last two decades,and i quote the word last two decades,neutral,positive
mwazingwa matama aja akutherani,mwazingwa matama aja akutherani,negative,negative
Uh!,uh!,negative,negative
"Osavutika ndi zizindikiro, palibe angapange forge","osavutika ndi zizindikiro , palibe angapange forge",neutral,negative
Kodi nanuso zonenererazi mmachita eti? Eeeeeh 😂😂😂 kuendetsa boma z really tough n evil 😂,kodi nanuso zonenererazi mmachita eti? eeeeeh 😂😂😂 kuendetsa boma z really tough n evil 😂,negative,negative
Palibe chanzeru chomwe akumanga a RBM Boma liyendereko kumeneko,palibe chanzeru chomwe akumanga a rbm boma liyendereko kumeneko,negative,negative
Koma muphanatu 😂,koma muphanatu 😂,negative,negative
Ndipo ngati kuli eni zinyengo ndi apolice wo 😂😂,ndipo ngati kuli eni zinyengo ndi apolice wo 😂😂,negative,negative
1to1 TZ BASI,1to1 tz basi,negative,neutral
Police yake ya Malaw yomweyi?,police yake ya malaw yomweyi?,negative,negative
Ingopangan zokut mafuta apezeke,ingopangan zokut mafuta apezeke,negative,neutral
Kuduka kwamalawi kunali komweko,kuduka kwamalawi kunali komweko,negative,negative
Osagosia kuzipanga bwanj,osagosia kuzipanga bwanj,negative,negative
Why would  I  have  car in Malawi,why would i have car in malawi,neutral,negative
Proven leadership,proven leadership,positive,neutral
Kut atani ma filing station ndaboma,kut atani ma filing station ndaboma,negative,negative
Ameneuja ndi ziko paekha,ameneuja ndi ziko paekha,neutral,neutral
MERA deligated TAM?,mera deligated tam?,negative,neutral
Munya muona,munya muona,negative,negative
The fall of Mwenemutapa Kingdom 🙆‍♂️🙆‍♂️🙆‍♂️,the fall of mwenemutapa kingdom 🙆‍♂️🙆‍♂️🙆‍♂️,negative,negative
Mwalankhulira akuchimuna ndi kuchikazi komwe malinga  ndi m'vula yi,mwalankhulira akuchimuna ndi kuchikazi komwe malinga ndi m ' vula yi,negative,negative
😅😂🤣😂😅 mitu sikugwira asampanyi inu,😅😂🤣😂😅 mitu sikugwira asampanyi inu,negative,negative
Osat kumangolubwa lubwa,osat kumangolubwa lubwa,negative,negative
Zativutatu apa Kamzangaza... Bagamoyo,zativutatu apa kamzangaza... bagamoyo,negative,negative
"Tipeni waka mafuta ise l. I remember during MCP era , you criticized MCP kuti ndi abodza akunamizira Nkhondo ya Ukraine inu pano mukunamiziraso Nkhondo ya Iran ndi America. Pano si izi. To run a gvt is a serious business ma guy .iyi simudzafmdutsatu","tipeni waka mafuta ise l. i remember during mcp era , you criticized mcp kuti ndi abodza akunamizira nkhondo ya ukraine inu pano mukunamiziraso nkhondo ya iran ndi america. pano si izi. to run a gvt is a serious business ma guy .iyi simudzafmdutsatu",negative,negative
A Malawi yemwe anatiloza anamwalira. Inu adindo chofunika ndi kubweretsa mafuta ambili osati zomayika a police mmafilling station sizithandiza. Vuto ndi mafuta mkubweretsa ochepa kwambili.,a malawi yemwe anatiloza anamwalira. inu adindo chofunika ndi kubweretsa mafuta ambili osati zomayika a police mmafilling station sizithandiza. vuto ndi mafuta mkubweretsa ochepa kwambili.,negative,neutral
Ma shop ake ati angalole kugulila zithu ndrama zake zimenezo,ma shop ake ati angalole kugulila zithu ndrama zake zimenezo,negative,negative
"Abalalika ma guys awa, anthu akumathila full tank mu njinga or galimoro nkukapanga drain uko osati za ma Jerry can akuganizazo","abalalika ma guys awa , anthu akumathila full tank mu njinga or galimoro nkukapanga drain uko osati za ma jerry can akuganizazo",negative,negative
Kapokola ananale sopano,kapokola ananale sopano,negative,negative
Aaah apolicewo nde number pa chat ya corruption 😂😂😂😂,aaah apolicewo nde number pa chat ya corruption 😂😂😂😂,negative,negative
Police ndabale athu,police ndabale athu,positive,negative
Nelly Shaba atanena za chisale iweyo wakwiya chifukwa chan?,nelly shaba atanena za chisale iweyo wakwiya chifukwa chan?,neutral,negative
"Boma lokanika ili mpakana apolice muma filling stations,ndye tili ndi ma filling stations angati mmalawi muno","boma lokanika ili mpakana apolice muma filling stations , ndye tili ndi ma filling stations angati mmalawi muno",negative,neutral
Ndipo pakakhala police chinyengo nde chimayenda bwino,ndipo pakakhala police chinyengo nde chimayenda bwino,negative,negative
Km abale ndie ukhale ndi20pin ndalama ngati izi😄😏😏,km abale ndie ukhale ndi20pin ndalama ngati izi😄😏😏,negative,negative
Nde ma coin ndkaponya bwanji kuukwat wa chemwali😢 mkunamatu inu #RBM,nde ma coin ndkaponya bwanji kuukwat wa chemwali😢 mkunamatu inu #rbm,negative,negative
A police kungowapatsa 2 pin basi akhala chete boma apa lavomeza kuti zavuta mwambi wanga nawu chikaluma mzako usayese chakhuta mawa Chiluma iweyo wakuva wamva apa,a police kungowapatsa <num> pin basi akhala chete boma apa lavomeza kuti zavuta mwambi wanga nawu chikaluma mzako usayese chakhuta mawa chiluma iweyo wakuva wamva apa,negative,negative
Amayambitsa chipwirikiti ndi a police omwewonso,amayambitsa chipwirikiti ndi a police omwewonso,negative,negative
Check the list of corrupt offices in Malawi 🤣🤣,check the list of corrupt offices in malawi 🤣🤣,negative,neutral
Malawi 🤣🤣🤣🤣,malawi 🤣🤣🤣🤣,neutral,neutral
At whose cost? Just make fuel available basi,at whose cost? just make fuel available basi,negative,neutral
Inu tangopangani zamafuta okhanira winaaliyense akhare nawo basi,inu tangopangani zamafuta okhanira winaaliyense akhare nawo basi,negative,negative
100 a Mavenda awo azatha in minutes,<num> a mavenda awo azatha in minutes,negative,negative
Nkhondo imakhala pamene paja wa Police m'modzi angayikwanitse??? Mmh mukunamatu inu!!!,nkhondo imakhala pamene paja wa police m ' modzi angayikwanitse??? mmh mukunamatu inu!!!,negative,negative
Apolice nde achinyengowo,apolice nde achinyengowo,negative,negative
These guys are easily to be bribed hence a Usesless development,these guys are easily to be bribed hence a usesless development,negative,negative
"Za ziiiiii, apolisi wo nde omwe amaonelera za chinyengo zikuchitika.","za ziiiiii , apolisi wo nde omwe amaonelera za chinyengo zikuchitika.",negative,negative
Zazii twenty kwacha ungagule chan,zazii twenty kwacha ungagule chan,negative,negative
"Mukusowatu ma measures
Mafuta akamapezeka, ma vender samagulaso ma bulk fuel 
So ingopangani zoti mafuta azipezeka pa filling station","mukusowatu ma measures mafuta akamapezeka , ma vender samagulaso ma bulk fuel so ingopangani zoti mafuta azipezeka pa filling station",negative,negative
Kma sweet yomwe inali pa 20 kwacha pano ili pa handede kwachatu,kma sweet yomwe inali pa <num> kwacha pano ili pa handede kwachatu,negative,negative
Apa nde tamenyaso duzu ndi pota ija basi 😂🤣,apa nde tamenyaso duzu ndi pota ija basi 😂🤣,neutral,negative
Banda speaks,banda speaks,neutral,negative
Zikuonetsa ngati awanso sadziwa udindo wawo nkhani A forex ikuwakhudza bwanji Mesa iwowa ndiongonyamula fuel,zikuonetsa ngati awanso sadziwa udindo wawo nkhani a forex ikuwakhudza bwanji mesa iwowa ndiongonyamula fuel,negative,negative
Nanga a njinga za moto odilena mupanga nawo bwanji,nanga a njinga za moto odilena mupanga nawo bwanji,neutral,negative
Ndalama yongofikila kukhala zude,ndalama yongofikila kukhala zude,negative,negative
Basitu zathapo ku ukwati kuja tikayamba kugendana nazo tikathera mpaka kwa akwati 😂😂😂😂😂😂😂😂😂,basitu zathapo ku ukwati kuja tikayamba kugendana nazo tikathera mpaka kwa akwati 😂😂😂😂😂😂😂😂😂,negative,negative
Fuel akupezeka ndi anthu Oti alibe olo njinga yakapalasa,fuel akupezeka ndi anthu oti alibe olo njinga yakapalasa,negative,neutral
"inu bwanji osafusa kuti adaona kuti  k50 ikukhala ya coin ,zitsilu za anthu","inu bwanji osafusa kuti adaona kuti k50 ikukhala ya coin , zitsilu za anthu",negative,negative
Q for kwachema,q for kwachema,negative,neutral
Izizi nde ainso Bola akanangoika 20t instead of K koma mphanvu yake ikhale ya k koma aaaah palibe chabwino apa,izizi nde ainso bola akanangoika 20t instead of k koma mphanvu yake ikhale ya k koma aaaah palibe chabwino apa,negative,negative
Kutibwezelesa. Ku 1992,kutibwezelesa. ku <num>,neutral,negative
"Abwana wa amaona mwai mu zinthu zomwe ambili timadandaula, umeo
 The guy sees an opportunity like a star in dark, for what most of us complain of. Love it 😍","abwana wa amaona mwai mu zinthu zomwe ambili timadandaula , umeo the guy sees an opportunity like a star in dark , for what most of us complain of. love it 😍",positive,negative
Alemeratu a police,alemeratu a police,positive,negative
Bweretsani mafuta zinazo zisoveka zokha bas,bweretsani mafuta zinazo zisoveka zokha bas,neutral,negative
Ine ndiye ndilibe nadzo ntchito bola ndikukhuta iya,ine ndiye ndilibe nadzo ntchito bola ndikukhuta iya,neutral,negative
50 kwacha ikakhale ya coin abale 😔 obviously sungagule cholozeka MW ay zikomo,<num> kwacha ikakhale ya coin abale 😔 obviously sungagule cholozeka mw ay zikomo,negative,negative
What will happen with those who have generators at home or factories? Should they bring their Gen sets in pump stations or what🤷.,what will happen with those who have generators at home or factories? should they bring their gen sets in pump stations or what🤷.,neutral,positive
Mfuti ija idzakonza zinthu kuno...kunachuluka ufulu ma politicians amatitola kwambr,mfuti ija idzakonza zinthu kuno...kunachuluka ufulu ma politicians amatitola kwambr,neutral,negative
Ayi zikomo,ayi zikomo,neutral,negative
