text,cleaned_text,true_label,predicted_label
A police ake awa omachoka kwao asanadyewa? Tikawagulira samusa komko😂,a police ake awa omachoka kwao asanadyewa? tikawagulira samusa komko😂 emoji_face_with_tears_of_joy,negative,negative
"inu bwanji osafusa kuti adaona kuti  k50 ikukhala ya coin ,zitsilu za anthu","inu bwanji osafusa kuti adaona kuti k50 ikukhala ya coin , zitsilu za anthu",negative,negative
Which police?? 🙄🙄🙄🤔🤔,which police?? 🙄🙄🙄🤔🤔 emoji_face_with_rolling_eyes emoji_face_with_rolling_eyes emoji_face_with_rolling_eyes emoji_thinking_face emoji_thinking_face,neutral,negative
"Chimene chimandisangala nkuluyi ndichakuti always brought his development to his country this is wonderful people have money but they choose to invest it outside our country That's a very bad,mtima osakonda dziko lawo.","chimene chimandisangala nkuluyi ndichakuti always brought his development to his country this is wonderful people have money but they choose to invest it outside our country that ' s a very bad , mtima osakonda dziko lawo.",positive,positive
Munkatha mawu tu,munkatha mawu tu,neutral,negative
"Koma kumalawi kunoko mabwana ena mukamakambilana zinthu, mumakambilana zoti zithandize Amalawi? Kapena mumakhala ndi zolinga Zina? Pakadali panopa Boma likuti FOREX ndivuto lalikulu, ndipo fuel wasowa chifukwa forex ndiyochepa, koma mmalo mogwiritsa ntchito forex yochepayo kuti mugulire zinthu zanzeru, inuyo aku reserve bank mukukaitenga mkukapangitsa ndalama zangwinjiri zoona zomwe olo pamsika sizikugula kanthu? Inuyo olo mu meeting mwanumo munalibe munthu wanzeru okuti angofunsa kuti Kodi akuluakulu, pakadali panopa pamsika K20 ikugula chani? Ngati palibe chomwe ikugula, simunazifunse ngati kuli koyenera kuti tiononge forex pa ndalama yosagwira ntchito mmalo mogulira zinthu zomwe Amalawi angazifune padakali pano? Kodi Amalawi tidalakwa chani?? 😭🤦‍♂️","koma kumalawi kunoko mabwana ena mukamakambilana zinthu , mumakambilana zoti zithandize amalawi? kapena mumakhala ndi zolinga zina? pakadali panopa boma likuti forex ndivuto lalikulu , ndipo fuel wasowa chifukwa forex ndiyochepa , koma mmalo mogwiritsa ntchito forex yochepayo kuti mugulire zinthu zanzeru , inuyo aku reserve bank mukukaitenga mkukapangitsa ndalama zangwinjiri zoona zomwe olo pamsika sizikugula kanthu? inuyo olo mu meeting mwanumo munalibe munthu wanzeru okuti angofunsa kuti kodi akuluakulu , pakadali panopa pamsika k20 ikugula chani? ngati palibe chomwe ikugula , simunazifunse ngati kuli koyenera kuti tiononge forex pa ndalama yosagwira ntchito mmalo mogulira zinthu zomwe amalawi angazifune padakali pano? kodi amalawi tidalakwa chani?? 😭🤦‍♂️ emoji_loudly_crying_face emoji_man_facepalming",negative,negative
The people from dowa we safe,the people from dowa we safe,neutral,positive
"Chancy Rabson Fact, in fact I blame myself for being a Malawian","chancy rabson fact , in fact i blame myself for being a malawian",neutral,positive
Kuwatelo achipiku wo🙌,kuwatelo achipiku wo🙌 emoji_raising_hands,negative,neutral
Mbali yakuno kulibe chithu cha 20kwacha ky kwanuko,mbali yakuno kulibe chithu cha 20kwacha ky kwanuko,positive,negative
Job creation 💯,job creation 💯 emoji_hundred_points,positive,positive
"nde kungowapatsa avenue for allowance collection, kkkkkkk","nde kungowapatsa avenue for allowance collection , kkkkkkk",negative,neutral
In fact they are the worst than what you are thinking,in fact they are the worst than what you are thinking,negative,positive
First time to hear it,first time to hear it,neutral,positive
"Zopanda pake zimenezo, muona ngati apolice wo samakapanga ma deal? Kkkk pamenepo kungowatero achina JJ akungomwetulira kkkk","zopanda pake zimenezo , muona ngati apolice wo samakapanga ma deal? kkkk pamenepo kungowatero achina jj akungomwetulira kkkk",negative,negative
"TAM is too corrupt, mwalandila howo mukatelo... Very useless... How is it going ease when u don't have the 400m?","tam is too corrupt , mwalandila howo mukatelo... very useless... how is it going ease when u don ' t have the 400m?",neutral,neutral
This another way of saying mabvuto a fuel alipobe?,this another way of saying mabvuto a fuel alipobe?,negative,neutral
Muyikanso lev ya wapolice,muyikanso lev ya wapolice,negative,negative
Uyuyu osazamutola,uyuyu osazamutola,positive,negative
Aziwalipila amerawo?,aziwalipila amerawo?,neutral,negative
Bravo napoleon,bravo napoleon,positive,positive
Zafikatu pa nabola nsima,zafikatu pa nabola nsima,negative,neutral
Katundu bambo napoleon zombe,katundu bambo napoleon zombe,positive,neutral
Mesa za police zo zimakaswa ma deal konko 😂😂😂,mesa za police zo zimakaswa ma deal konko 😂😂😂 emoji_face_with_tears_of_joy emoji_face_with_tears_of_joy emoji_face_with_tears_of_joy,negative,negative
"You speaking for Nocma! Update us when the fuel is in malawi pano just shut up. Our business are in a terrible position, we fighting for survival again","you speaking for nocma! update us when the fuel is in malawi pano just shut up. our business are in a terrible position , we fighting for survival again",positive,neutral
Chimidzi icho,chimidzi icho,negative,neutral
Tangobweletsani fuel basi adzipezeka. Taimbani ma foni aja fuel akhalemo mu ma filling station. Apolisiwo you think can not be bribed,tangobweletsani fuel basi adzipezeka. taimbani ma foni aja fuel akhalemo mu ma filling station. apolisiwo you think can not be bribed,negative,negative
"Ingobwelesani fuel wokwanila, otherwise deploying Police officers in filling stations will make the current situation even worse 😂😂😂","ingobwelesani fuel wokwanila , otherwise deploying police officers in filling stations will make the current situation even worse 😂😂😂 emoji_face_with_tears_of_joy emoji_face_with_tears_of_joy emoji_face_with_tears_of_joy",negative,negative
Let them.borrow a leaf from Chitawira Puma so.smart no madando olo.line italike pamakhala order all the time,let them.borrow a leaf from chitawira puma so.smart no madando olo.line italike pamakhala order all the time,negative,neutral
I thought Tuesday is just tomorrow??,i thought tuesday is just tomorrow??,neutral,neutral
"Apa nde apeza allowance apolisi yokadyera nyama kunyumba, kumwera komanso kudzipepesera kwa ma secretary sure . Uku ndiye timati kuika khoswe pa mtedza","apa nde apeza allowance apolisi yokadyera nyama kunyumba , kumwera komanso kudzipepesera kwa ma secretary sure . uku ndiye timati kuika khoswe pa mtedza",negative,negative
Kodi lameck nayeso ali ndi mphamvu yomatipatsa ma updates mpaka kumatchula mitengo,kodi lameck nayeso ali ndi mphamvu yomatipatsa ma updates mpaka kumatchula mitengo,neutral,negative
Koma izi zoti ma tankers anyamuka hee alimunjira hheeee alipo 100 plus zatitopesa chosani ma levy osafunikilawo ife tikufuna fuelo,koma izi zoti ma tankers anyamuka hee alimunjira hheeee alipo <num> plus zatitopesa chosani ma levy osafunikilawo ife tikufuna fuelo,negative,negative
Hamayo ndalama ija yatha mphamvuu bc ana anga sadzaipeza🙆‍♂️🙆‍♂️🙆‍♂️!!!!!!!!!!!!!!!!!!!!!!!!!!!,hamayo ndalama ija yatha mphamvuu bc ana anga sadzaipeza🙆‍♂️🙆‍♂️🙆‍♂️!!!!!!!!!!!!!!!!!!!!!!!!!!! emoji_man_gesturing_ok emoji_man_gesturing_ok emoji_man_gesturing_ok,positive,negative
Pakalapakala boma,pakalapakala boma,negative,negative
Mutiphetsa ine ndekha ai or mutandichosa tchito,mutiphetsa ine ndekha ai or mutandichosa tchito,negative,negative
Chakwera ankatichedwesa ma guy 😌😌,chakwera ankatichedwesa ma guy 😌😌 emoji_relieved_face emoji_relieved_face,positive,positive
"Apapa wainyamula Malawi since Malawi's economy is Agriculture-based. We expect increased GDP per capita, sustainable food security and why not increased employment rate? Bravo🔥","apapa wainyamula malawi since malawi ' s economy is agriculture-based. we expect increased gdp per capita , sustainable food security and why not increased employment rate? bravo🔥 emoji_fire",positive,neutral
Zeru za bamboo,zeru za bamboo,neutral,neutral
Wa police wapeza Gold wina uku,wa police wapeza gold wina uku,negative,negative
Kkkkkkkkkkk,kkkkkkkkkkk,negative,neutral
Wanunkha malawi,wanunkha malawi,negative,neutral
Muzimulipila et,muzimulipila et,neutral,negative
Napolion ndiboma palokha✌️,napolion ndiboma palokha✌️ emoji_victory_hand,neutral,neutral
Mwai kwa wa polisi tiziyamba kumpatsa kenakake iyeyo,mwai kwa wa polisi tiziyamba kumpatsa kenakake iyeyo,negative,negative
Game ndi kubweretsa Mafuta ambiri basi. Let People differentiate between dull Maheu Government and APM Administration full of genius People,game ndi kubweretsa mafuta ambiri basi. let people differentiate between dull maheu government and apm administration full of genius people,negative,negative
Dowa on map iwe 🔥🔥🔥🔥,dowa on map iwe 🔥🔥🔥🔥 emoji_fire emoji_fire emoji_fire emoji_fire,positive,positive
"He is brilliant guy, and l like him so much","he is brilliant guy , and l like him so much",positive,positive
Degree is just a paper 😎,degree is just a paper 😎 emoji_smiling_face_with_sunglasses,negative,neutral
Tangobweletsani mafuta ochuluka that's the best solution,tangobweletsani mafuta ochuluka that ' s the best solution,positive,neutral
Wa transporter kuyankhula ngati wa NOCMA. Chibanzi Pro Max,wa transporter kuyankhula ngati wa nocma. chibanzi pro max,negative,negative
police officers ??! kukankhira pumbwa kuchipwete. Now time for them to collect their shame,police officers ??! kukankhira pumbwa kuchipwete. now time for them to collect their shame,negative,neutral
Wodemaya ur father is doing history once again,wodemaya ur father is doing history once again,positive,positive
Solution kubwelesa fuel wambiri wa police naye ndi munthu. Safuna kudya ndani,solution kubwelesa fuel wambiri wa police naye ndi munthu. safuna kudya ndani,negative,negative
Ndebola anyamata ainkata,ndebola anyamata ainkata,negative,negative
The Aristotle,the aristotle,positive,positive
Nde muona ngati awopa a police wo? Aaaa you joke too much,nde muona ngati awopa a police wo? aaaa you joke too much,negative,negative
The police will be the one and are the ones palibe chositha,the police will be the one and are the ones palibe chositha,negative,neutral
Okheeee,okheeee,neutral,positive
Aaaaah zokanika ma deal akupangidwa a police Ali pompo and not just one police officer but many. Ndalama nkumagawana,aaaaah zokanika ma deal akupangidwa a police ali pompo and not just one police officer but many. ndalama nkumagawana,neutral,negative
Wazigubu wakwiya kwambiri 🤣🤣🤣,wazigubu wakwiya kwambiri 🤣🤣🤣 emoji_rolling_on_the_floor_laughing emoji_rolling_on_the_floor_laughing emoji_rolling_on_the_floor_laughing,neutral,negative
"The brilliant guy,,the way I 💕","the brilliant guy , , the way i 💕 emoji_two_hearts",positive,positive
Gib Giblion panga zoti zikuthandize sindikulembera pa khomo pako kapena pa amako,gib giblion panga zoti zikuthandize sindikulembera pa khomo pako kapena pa amako,neutral,negative
Ndalama kkk 😂,ndalama kkk 😂 emoji_face_with_tears_of_joy,neutral,negative
This is all coming bcz of scarcity.,this is all coming bcz of scarcity.,neutral,positive
Phada --phada warm heart of Africa.Good morning Mr.Mandele.,phada --phada warm heart of africa.good morning mr.mandele.,negative,positive
Uku ndiye kungoonjezera ma corruption coz apolice ayenera kubweretsanso anzawo,uku ndiye kungoonjezera ma corruption coz apolice ayenera kubweretsanso anzawo,negative,negative
Mmmmmm kuononga misonkho uku are you still believing in police officers?,mmmmmm kuononga misonkho uku are you still believing in police officers?,negative,negative
Ndi nthaw yoti nao alemele,ndi nthaw yoti nao alemele,negative,negative
🤣🤣 police ND anthuso tu,🤣🤣 police nd anthuso tu emoji_rolling_on_the_floor_laughing emoji_rolling_on_the_floor_laughing,negative,negative
"Frank Mulonya makadi ma court paja samazuzulidwa , salamulidwa , sauzidwa zochita","frank mulonya makadi ma court paja samazuzulidwa , salamulidwa , sauzidwa zochita",neutral,negative
A police wa nde olandira ma brides kaya kumalowetsa Odisha. 1 police officer yosagwira,a police wa nde olandira ma brides kaya kumalowetsa odisha. <num> police officer yosagwira,negative,negative
Devaluation of the Kwacha,devaluation of the kwacha,negative,positive
He's Real..... Louder speaks action than words,he ' s real..... louder speaks action than words,positive,positive
Angomenyedwapo ulele mapholisayo,angomenyedwapo ulele mapholisayo,negative,negative
What is the use of ACB? Ithetsedwe cause sizoona ai,what is the use of acb? ithetsedwe cause sizoona ai,negative,neutral
Za ziii,za ziii,negative,neutral
"The true meaning of a Chichewa saying which goes ""ntchembere yazingwa"".","the true meaning of a chichewa saying which goes "" ntchembere yazingwa "" .",negative,neutral
"Things gvt can't do, a person does🙌 
 Fert uyu akufunika tax free 😅","things gvt can ' t do , a person does🙌 fert uyu akufunika tax free 😅 emoji_raising_hands emoji_grinning_face_with_sweat",positive,neutral
Kodi za ma cctv camera zija zinatha bwanji,kodi za ma cctv camera zija zinatha bwanji,neutral,negative
Does Frank double as NOCMA and TAM spokesperson?,does frank double as nocma and tam spokesperson?,negative,neutral
Apolice nde achinyengowo,apolice nde achinyengowo,negative,negative
Wadza Napoleon 👏👏👏,wadza napoleon 👏👏👏 emoji_clapping_hands emoji_clapping_hands emoji_clapping_hands,neutral,positive
MERA better call back those guys we used to see in stations last time not police,mera better call back those guys we used to see in stations last time not police,negative,neutral
Nanga yapepalayiningatithele mmanjatu titani nayo kodi,nanga yapepalayiningatithele mmanjatu titani nayo kodi,neutral,negative
That's positive thinking finding solutions to problems crippling the country we need more of you than politicians in this country,that ' s positive thinking finding solutions to problems crippling the country we need more of you than politicians in this country,positive,positive
Pangolin 👌💪👏👏,pangolin 👌💪👏👏 emoji_ok_hand emoji_flexed_biceps emoji_clapping_hands emoji_clapping_hands,positive,positive
"100 /28 districts = 4

That's number of tankers per district. 

How many filling stations do we have per district? 

How long will that fuel last?  

How many days?",<num> / <num> districts = <num> that ' s number of tankers per district. how many filling stations do we have per district? how long will that fuel last? how many days?,positive,neutral
"Kodi ndalama zimenezi tizigulira chani ndi mmene zinthu zililimu?
Komanso dziko lino aahh😂😂😂",kodi ndalama zimenezi tizigulira chani ndi mmene zinthu zililimu? komanso dziko lino aahh😂😂😂 emoji_face_with_tears_of_joy emoji_face_with_tears_of_joy emoji_face_with_tears_of_joy,negative,negative
Zaziiiiiii pa ndalama ilionse osangochoserapo zero bwanji,zaziiiiiii pa ndalama ilionse osangochoserapo zero bwanji,negative,negative
50 kwacha ikakhale ya coin abale 😔 obviously sungagule cholozeka MW ay zikomo,<num> kwacha ikakhale ya coin abale 😔 obviously sungagule cholozeka mw ay zikomo emoji_pensive_face,negative,neutral
Koma boma lapanikizika ili 🤣🤣🤣🤣🤣,koma boma lapanikizika ili 🤣🤣🤣🤣🤣 emoji_rolling_on_the_floor_laughing emoji_rolling_on_the_floor_laughing emoji_rolling_on_the_floor_laughing emoji_rolling_on_the_floor_laughing emoji_rolling_on_the_floor_laughing,negative,negative
"Hahahahahah! Deployment of police officers is not necessary it's like asking Donald Trump to come to Malawi, just ensure the availability of fuel in all fuel stationz otherwise Mkulukuta moyo under fire 🌍","hahahahahah! deployment of police officers is not necessary it ' s like asking donald trump to come to malawi , just ensure the availability of fuel in all fuel stationz otherwise mkulukuta moyo under fire 🌍 emoji_globe_showing_europe_africa",negative,neutral
We joke too much in Malawi!,we joke too much in malawi!,negative,positive
Kmatu izizi tidana ndi gulu Maka ma customer 😂😂😂 ena azikana,kmatu izizi tidana ndi gulu maka ma customer 😂😂😂 ena azikana emoji_face_with_tears_of_joy emoji_face_with_tears_of_joy emoji_face_with_tears_of_joy,negative,negative
"We don't need Police,  we need fuel","we don ' t need police , we need fuel",negative,neutral
Km abale ndie ukhale ndi20pin ndalama ngati izi😄😏😏,km abale ndie ukhale ndi20pin ndalama ngati izi😄😏😏 emoji_grinning_face_with_smiling_eyes emoji_smirking_face emoji_smirking_face,negative,negative
"Bweretsani mafuta ,, ..","bweretsani mafuta , , ..",neutral,neutral
Nde Kt azisogolire akumalaw sumungakhale mtima ositha ndlama Kt zikhale Za mphamvu ngt mene alili maiko ngt Zambia south Africa Mozambique nd maiko ena ndlama zao matambala amagwirabe ntchito ma coin Malile R5  ndlama ya pepala Malile R200 nde Kt palibe amafuna Malawi kusitha ndlama Kt zikhale Za mphamvu Koma komachepesa mphavu,nde kt azisogolire akumalaw sumungakhale mtima ositha ndlama kt zikhale za mphamvu ngt mene alili maiko ngt zambia south africa mozambique nd maiko ena ndlama zao matambala amagwirabe ntchito ma coin malile r5 ndlama ya pepala malile r200 nde kt palibe amafuna malawi kusitha ndlama kt zikhale za mphamvu koma komachepesa mphavu,negative,negative
Apolisi  akumalandira kesh  pa mnzere. Naye ndi munthu,apolisi akumalandira kesh pa mnzere. naye ndi munthu,negative,negative
"Tiyambira wa police yooo kuledzeresa, it's not solution neey","tiyambira wa police yooo kuledzeresa , it ' s not solution neey",neutral,negative
Good development,good development,positive,positive
Tangobweretsani fiyuwelo yo apa once ali ngambwingambwi sipangasoweke police,tangobweretsani fiyuwelo yo apa once ali ngambwingambwi sipangasoweke police,neutral,negative
Entrepreneurs of the decade,entrepreneurs of the decade,positive,positive
Aaaaaa aziletsa zigubu,aaaaaa aziletsa zigubu,negative,negative
Iyeyo akutilankhula ngati ndani? Ampatsa zingat 😃,iyeyo akutilankhula ngati ndani? ampatsa zingat 😃 emoji_grinning_face_with_big_eyes,negative,negative
Azikatani ngat muli mafuta,azikatani ngat muli mafuta,negative,negative
Kapokola ananale sopano,kapokola ananale sopano,negative,neutral
Ine ndiye ndilibe nadzo ntchito bola ndikukhuta iya,ine ndiye ndilibe nadzo ntchito bola ndikukhuta iya,neutral,negative
Ana ayambeso kuzimeza mmakomomu tinapumatuu 🥱,ana ayambeso kuzimeza mmakomomu tinapumatuu 🥱 emoji_yawning_face,negative,negative
Pa bill ya Mera or who??,pa bill ya mera or who??,neutral,neutral
Am in love with the movement 🔥🔥,am in love with the movement 🔥🔥 emoji_fire emoji_fire,positive,positive
Wa police akufuna kut adye monona agule katundu ananale town 🤣🤣🤣🤣 koma Malawi wathu uyu kkkkk,wa police akufuna kut adye monona agule katundu ananale town 🤣🤣🤣🤣 koma malawi wathu uyu kkkkk emoji_rolling_on_the_floor_laughing emoji_rolling_on_the_floor_laughing emoji_rolling_on_the_floor_laughing emoji_rolling_on_the_floor_laughing,negative,negative
New look from Metal,new look from metal,positive,positive
Kutha Kwa ndalama yakwacha tsopano kkkkkk ndalama yomvetsa chisoni,kutha kwa ndalama yakwacha tsopano kkkkkk ndalama yomvetsa chisoni,negative,negative
It's useless as the police are the most corrupt people that can not be trusted 🚮🚮,it ' s useless as the police are the most corrupt people that can not be trusted 🚮🚮 emoji_litter_in_bin_sign emoji_litter_in_bin_sign,negative,neutral
Ndiye chinyengo ngati chitha?,ndiye chinyengo ngati chitha?,neutral,negative
We got this volume 2,we got this volume <num>,neutral,positive
King of malawi,king of malawi,positive,positive
"Ine kuti ndikapeze filling station yapafupi ndikuyenera kuyenda 30 km,  azigubuwo amatithandiza .mafuta bweretsani ochuluka kuzembetsa sikukhalapo ....","ine kuti ndikapeze filling station yapafupi ndikuyenera kuyenda <num> km , azigubuwo amatithandiza .mafuta bweretsani ochuluka kuzembetsa sikukhalapo ....",neutral,negative
Ku ntcheu zikuenda ku BT bottle la fanta lomwe silikwana ndi litre lomwe tikugula 14 pin,ku ntcheu zikuenda ku bt bottle la fanta lomwe silikwana ndi litre lomwe tikugula <num> pin,negative,negative
Serious anthu atigedanazo eish,serious anthu atigedanazo eish,negative,negative
Akumatolela ndalama kwa anyamata a zigubu mesa ndi a Police omwewo.,akumatolela ndalama kwa anyamata a zigubu mesa ndi a police omwewo.,negative,negative
Wounded Malawi 🤕,wounded malawi 🤕 emoji_face_with_head_bandage,negative,neutral
Will this help us to secure more fuel,will this help us to secure more fuel,neutral,positive
Mpak wa police 😂😂😂,mpak wa police 😂😂😂 emoji_face_with_tears_of_joy emoji_face_with_tears_of_joy emoji_face_with_tears_of_joy,neutral,negative
God bless the man,god bless the man,positive,positive
Kom mvuto ili lasautsa maiko KOD zocharger si deal,kom mvuto ili lasautsa maiko kod zocharger si deal,negative,negative
"Kod ndiye kut pazikhala allowance kwa a police wo or nd normal duty bas?
Pepan ngat ndalankhula udyo!!",kod ndiye kut pazikhala allowance kwa a police wo or nd normal duty bas? pepan ngat ndalankhula udyo!!,positive,negative
"Doing tingz in silent..
 Routes of legends🙌✊",doing tingz in silent.. routes of legends🙌✊ emoji_raising_hands emoji_raised_fist,positive,positive
"WE DON'T NEED POLICE OFFICERS, WE NEED FUEL. Palibe galimoto imene inayendera wa police mu tank","we don ' t need police officers , we need fuel. palibe galimoto imene inayendera wa police mu tank",negative,negative
Increasing fraud and bribes😊,increasing fraud and bribes😊 emoji_smiling_face_with_smiling_eyes,negative,neutral
Mwayambira muja🤣,mwayambira muja🤣 emoji_rolling_on_the_floor_laughing,negative,neutral
Koma police zomwe ikumapanga ma filling station eish Kaya mwina,koma police zomwe ikumapanga ma filling station eish kaya mwina,neutral,negative
Now I understand where people in dowa get their confidence,now i understand where people in dowa get their confidence,neutral,positive
Ubwino wake akudya ndi aMalawi azathu. ☹️💔,ubwino wake akudya ndi amalawi azathu. ☹️💔 emoji_frowning_face emoji_broken_heart,neutral,neutral
With things like this I can't stop smiling💞💪,with things like this i can ' t stop smiling💞💪 emoji_revolving_hearts emoji_flexed_biceps,positive,positive
The whole police officer at each and every filling station? 🤣🤣🤣,the whole police officer at each and every filling station? 🤣🤣🤣 emoji_rolling_on_the_floor_laughing emoji_rolling_on_the_floor_laughing emoji_rolling_on_the_floor_laughing,neutral,neutral
"Repeated stories, nothing is strange","repeated stories , nothing is strange",neutral,positive
Tangogwesani kwacha abale aaaah,tangogwesani kwacha abale aaaah,negative,negative
Uh!,uh!,negative,positive
🤣🤣🤣🤣🤣 last week ndamuona wa police yemweyo akugulalira fuel mu chigubu. Ine aaaaaa even the police officer can buy fuel mchigubu.... 🤣🤣🤣🤣🤣,🤣🤣🤣🤣🤣 last week ndamuona wa police yemweyo akugulalira fuel mu chigubu. ine aaaaaa even the police officer can buy fuel mchigubu.... 🤣🤣🤣🤣🤣 emoji_rolling_on_the_floor_laughing emoji_rolling_on_the_floor_laughing emoji_rolling_on_the_floor_laughing emoji_rolling_on_the_floor_laughing emoji_rolling_on_the_floor_laughing emoji_rolling_on_the_floor_laughing emoji_rolling_on_the_floor_laughing emoji_rolling_on_the_floor_laughing emoji_rolling_on_the_floor_laughing emoji_rolling_on_the_floor_laughing,neutral,negative
"The fruits of kamuzu Banda, a Malawi ndife a mantha kwambiri, kuphatkza achina namiwa mmalo moti tzipanga ma demo oti oba ndrama zathu adziwika mkumawatulutsa aakuti belo! Tzpita pa mseu kt abweze zathu apoo bii!! Kukadya ku state house! Timapanga ma demo achipani, osati odya misonkho yathu!! Namiwa, mtambo, trapenzi,mwakasungura, mbava zokhazokha, mmalimbana ndi zazii!! I0triyoni yadyedwa apa mulichete! Achina kalindo mwana owopsyakwambiri bwerani apa mupange ma demo otiabweze zathu!! Misonkho chikwezeleni aziba bwino!! Ife kupusa kwambiri!! Ine sindingayambise chifkwa sindikudziwika ndi dziko, ndangolembako!! Tinagona kwambiri! A acb nawo amaopa kuphedwa akangowaopseza basi asiya! Nde mmaxiyambilanji!! Osaztiwuzanso makape inu kwambiri mmene munayambira mukungoti awatulusa pabelo, zopepela basi, zikupweteka tu izi, mwalembazi za 10 triyoni","the fruits of kamuzu banda , a malawi ndife a mantha kwambiri , kuphatkza achina namiwa mmalo moti tzipanga ma demo oti oba ndrama zathu adziwika mkumawatulutsa aakuti belo! tzpita pa mseu kt abweze zathu apoo bii!! kukadya ku state house! timapanga ma demo achipani , osati odya misonkho yathu!! namiwa , mtambo , trapenzi , mwakasungura , mbava zokhazokha , mmalimbana ndi zazii!! i0triyoni yadyedwa apa mulichete! achina kalindo mwana owopsyakwambiri bwerani apa mupange ma demo otiabweze zathu!! misonkho chikwezeleni aziba bwino!! ife kupusa kwambiri!! ine sindingayambise chifkwa sindikudziwika ndi dziko , ndangolembako!! tinagona kwambiri! a acb nawo amaopa kuphedwa akangowaopseza basi asiya! nde mmaxiyambilanji!! osaztiwuzanso makape inu kwambiri mmene munayambira mukungoti awatulusa pabelo , zopepela basi , zikupweteka tu izi , mwalembazi za <num> triyoni",positive,negative
One man can change the world.,one man can change the world.,positive,positive
Za xiii☹️ mxiew.,za xiii☹️ mxiew. emoji_frowning_face,negative,neutral
"Ma change wo azingotipatsa ma sweet,, lather than kunyamula zingwinjiri mthumba","ma change wo azingotipatsa ma sweet , , lather than kunyamula zingwinjiri mthumba",negative,negative
"Malawi Energy Regulatory Authority pamenepo mwangowafukulira m'godi a police, they will not bring any change, ganyu ameneyu azichita kulimbirana","malawi energy regulatory authority pamenepo mwangowafukulira m ' godi a police , they will not bring any change , ganyu ameneyu azichita kulimbirana",negative,negative
"Aliyense akutulutsa zake 
 
 Anthu achuma mmmmhu",aliyense akutulutsa zake anthu achuma mmmmhu,neutral,negative
The same old song,the same old song,neutral,positive
Akutha mafuta ndi a njinga,akutha mafuta ndi a njinga,negative,negative
Mfuti ija idzakonza zinthu kuno...kunachuluka ufulu ma politicians amatitola kwambr,mfuti ija idzakonza zinthu kuno...kunachuluka ufulu ma politicians amatitola kwambr,neutral,negative
"Dennis Burton those that are rooted to the teachings and foundation of the church,l will agree","dennis burton those that are rooted to the teachings and foundation of the church , l will agree",positive,neutral
Kodi ndekuti black market inayala mphasa pa malawi pano eti? Coz i see many times news outlets quoting black market rates as if ndi msika ovomerezeka,kodi ndekuti black market inayala mphasa pa malawi pano eti? coz i see many times news outlets quoting black market rates as if ndi msika ovomerezeka,negative,negative
Pena NDI bwino kumamvako maganizo a. Malawi osamangopanga zganizo kumeneko anzanu adadya nazo ntoliro,pena ndi bwino kumamvako maganizo a. malawi osamangopanga zganizo kumeneko anzanu adadya nazo ntoliro,negative,negative
So you believe Officers can prevent illegal fuel purchase hahahah apeza mgodi bac.,so you believe officers can prevent illegal fuel purchase hahahah apeza mgodi bac.,negative,neutral
Police ndi amene akufuna ndalama kalewo... Apo you increase expenses for the buyers and the will kill road users with high prices,police ndi amene akufuna ndalama kalewo... apo you increase expenses for the buyers and the will kill road users with high prices,negative,negative
Is he a government spokesperson? Awatu awa akuwonjeza bwanji.,is he a government spokesperson? awatu awa akuwonjeza bwanji.,negative,negative
Kutitenga Malawi anthu opusa,kutitenga malawi anthu opusa,negative,negative
Apapa ndie mawallet tiwataetu apa,apapa ndie mawallet tiwataetu apa,negative,negative
Following,following,neutral,positive
K5000 ndi K2000  ndi zimene zinayenera kupangidwa Mma  coin chifukwa chakuti K20 ife amakamtini sitigwiritsa ntchito,k5000 ndi k2000 ndi zimene zinayenera kupangidwa mma coin chifukwa chakuti k20 ife amakamtini sitigwiritsa ntchito,negative,negative
Kukakamiza zinthu.,kukakamiza zinthu.,negative,negative
Goat uyu 🔥🤝,goat uyu 🔥🤝 emoji_fire emoji_handshake,positive,positive
everyone is a spokeperson during chaos,everyone is a spokeperson during chaos,negative,positive
Pa meru pa nyambadwe amalowesa awo kumawapasa ma pin,pa meru pa nyambadwe amalowesa awo kumawapasa ma pin,negative,negative
Zativuta basi apa a Malawi tilitokha apa 😂😂😂,zativuta basi apa a malawi tilitokha apa 😂😂😂 emoji_face_with_tears_of_joy emoji_face_with_tears_of_joy emoji_face_with_tears_of_joy,negative,negative
"Thus the way to make also officers to benefit,","thus the way to make also officers to benefit ,",negative,neutral
Komatu Palibe Chinthu Cha Fifite Kwachacho,komatu palibe chinthu cha fifite kwachacho,negative,negative
Osat kumangolubwa lubwa,osat kumangolubwa lubwa,negative,negative
Dolo heavy,dolo heavy,positive,positive
Tivomereze kuti ndalama tsopano ikuyambira pa 100 kwacha.,tivomereze kuti ndalama tsopano ikuyambira pa <num> kwacha.,neutral,negative
TAM is speaking on behalf of who? And where did they get the information?,tam is speaking on behalf of who? and where did they get the information?,negative,neutral
"A Police azigulitsa nawo mafuta mma filling stations, asilikali azilanda makala mmiseu ndi mmisika, koma Malawi Ada ndi dziko loseketsa","a police azigulitsa nawo mafuta mma filling stations , asilikali azilanda makala mmiseu ndi mmisika , koma malawi ada ndi dziko loseketsa",negative,negative
Long live Napoleon Dzombe 🥳🥳🥳🥳🥳,long live napoleon dzombe 🥳🥳🥳🥳🥳 emoji_partying_face emoji_partying_face emoji_partying_face emoji_partying_face emoji_partying_face,positive,positive
"Nonsense at all
Mapolisawo nawo ndi anthu
Nothing will change
Ndipo zinthu zinkela kelabe kuvuta",nonsense at all mapolisawo nawo ndi anthu nothing will change ndipo zinthu zinkela kelabe kuvuta,negative,negative
Kkkkkkkkk  koma  solution  yake . ...with  only  5 pin people  will  going  to  access  it,kkkkkkkkk koma solution yake . ...with only <num> pin people will going to access it,negative,neutral
"It is a good initiative but without addressing supply shortages, the problem will persist.","it is a good initiative but without addressing supply shortages , the problem will persist.",neutral,positive
Pamenepa tikhoza kukharano safe than kudalira zandalez,pamenepa tikhoza kukharano safe than kudalira zandalez,negative,negative
Mafuta osewa.apolice alibe ntchito pamenepo,mafuta osewa.apolice alibe ntchito pamenepo,negative,negative
Welcome iwe napolo zombe😂💬,welcome iwe napolo zombe😂💬 emoji_face_with_tears_of_joy emoji_speech_balloon,positive,negative
ACB ine ntchito Yake sinaione dzaka zapitazi 🙄🙄🙄🙄,acb ine ntchito yake sinaione dzaka zapitazi 🙄🙄🙄🙄 emoji_face_with_rolling_eyes emoji_face_with_rolling_eyes emoji_face_with_rolling_eyes emoji_face_with_rolling_eyes,neutral,negative
When I grow up I want to be napoleon Dzombe,when i grow up i want to be napoleon dzombe,positive,positive
Tazolowela bas,tazolowela bas,neutral,neutral
Me am not accepting coins😂 ngt ikukanidwa K20 ya pepala nde ya coin yo angayilore ndan,me am not accepting coins😂 ngt ikukanidwa k20 ya pepala nde ya coin yo angayilore ndan emoji_face_with_tears_of_joy,positive,negative
"Osavutika ndi zizindikiro, palibe angapange forge","osavutika ndi zizindikiro , palibe angapange forge",neutral,negative
President 2030 under DPP ndyemweu bas,president <num> under dpp ndyemweu bas,positive,neutral
Koma awa angotaya Nthawi yao nanga paka zachitsulo😁,koma awa angotaya nthawi yao nanga paka zachitsulo😁 emoji_beaming_face_with_smiling_eyes,negative,negative
"Zomwe dzombe sangapange,boma la Malawi silingalote mkomwe kuziyamba, president wa world of dowa!!nzeru za bambo okonda kwawo,kuika ndalama Malo oyenera,palibe angati mademo tikaphwanye katundu wa mtalimanja, or wachipani atalodzedwa bwanji sangatase manja ake uku, nzeru za bambo indeed!!!","zomwe dzombe sangapange , boma la malawi silingalote mkomwe kuziyamba , president wa world of dowa!!nzeru za bambo okonda kwawo , kuika ndalama malo oyenera , palibe angati mademo tikaphwanye katundu wa mtalimanja , or wachipani atalodzedwa bwanji sangatase manja ake uku , nzeru za bambo indeed!!!",positive,negative
Fodya eti🥴,fodya eti🥴 emoji_woozy_face,negative,positive
"Ama jerricans mmesa nawo akumadyera momwemo!? Ingoyankhurani Chilungamo ngati zakuvutani. Alipo wapolisi  amakana ndalama!? Awo nde eniake achinyengo, ndipo ganizolo sikusova vuto, koma kuwonjedzera bvutolo chifukwa wapolisi amafuna ndalama hvy! Ndipo olo kumpasa K1000 utunga even 300ltrs.","ama jerricans mmesa nawo akumadyera momwemo!? ingoyankhurani chilungamo ngati zakuvutani. alipo wapolisi amakana ndalama!? awo nde eniake achinyengo , ndipo ganizolo sikusova vuto , koma kuwonjedzera bvutolo chifukwa wapolisi amafuna ndalama hvy! ndipo olo kumpasa k1000 utunga even 300ltrs.",negative,negative
Koma abwilibwisi inu zikuyenda mutumo?,koma abwilibwisi inu zikuyenda mutumo?,negative,negative
"Anthu athirabe then they’ll empty the fuel and come back to buy wina😀😀😄
Let Mera work hand in hand with MPS to deal with black market sellers basi",anthu athirabe then they’ll empty the fuel and come back to buy wina😀😀😄 let mera work hand in hand with mps to deal with black market sellers basi emoji_grinning_face emoji_grinning_face emoji_grinning_face_with_smiling_eyes,neutral,neutral
Chomwe chinathetsa angoni nd kalingonda 🤣🤣,chomwe chinathetsa angoni nd kalingonda 🤣🤣 emoji_rolling_on_the_floor_laughing emoji_rolling_on_the_floor_laughing,negative,negative
The fall of Mkulukuta moyo,the fall of mkulukuta moyo,negative,positive
Police iziyilipira ndi a MERA omwewoso kapena zikhala zaulere? Directive yofunika elder tu iyi osati mErA,police iziyilipira ndi a mera omwewoso kapena zikhala zaulere? directive yofunika elder tu iyi osati mera,negative,negative
Kkkkkk ai aaaa zakuvutan Bola nsima basi,kkkkkk ai aaaa zakuvutan bola nsima basi,negative,negative
Wa police naye ndi munthu... ..mavuto akwao amadziwa yekha.🤣🤣🤣🤣🤣,wa police naye ndi munthu... ..mavuto akwao amadziwa yekha.🤣🤣🤣🤣🤣 emoji_rolling_on_the_floor_laughing emoji_rolling_on_the_floor_laughing emoji_rolling_on_the_floor_laughing emoji_rolling_on_the_floor_laughing emoji_rolling_on_the_floor_laughing,negative,negative
Muwapweteketsa anthu akuyenda olusa sangaope ofisala,muwapweteketsa anthu akuyenda olusa sangaope ofisala,negative,negative
Kod Cha 20kwacha ndichani pano,kod cha 20kwacha ndichani pano,negative,negative
Mhu ok,mhu ok,neutral,positive
Police officer plus fuel attendant imeneyo ndi the most lethal combination anyamata adya bwinotu kkkkkkk,police officer plus fuel attendant imeneyo ndi the most lethal combination anyamata adya bwinotu kkkkkkk,negative,neutral
Kodi mesa amati mawa mavutowa akutha,kodi mesa amati mawa mavutowa akutha,neutral,negative
Ndiye kuti apepala atha ntchito??,ndiye kuti apepala atha ntchito??,positive,negative
apolisi ake ati nanu mxewww,apolisi ake ati nanu mxewww,negative,negative
Dowa to the world 🔥🔥🔥,dowa to the world 🔥🔥🔥 emoji_fire emoji_fire emoji_fire,neutral,positive
So many excuses. Read what happened in Whitehouse in front of police officers,so many excuses. read what happened in whitehouse in front of police officers,negative,neutral
Azibambo,azibambo,positive,positive
za ku mafuta zakukhudza bwanji a nocma amutuma iyeyu,za ku mafuta zakukhudza bwanji a nocma amutuma iyeyu,negative,negative
"😂😂😂😂 muononga ndarama zingati  za allowers kuti muike alonda ma filling stations onse m,malawi muno?  kuganiza ukuku dziko silingatukuke ndarama zizingothela zazii, pangani zoti fuel azipezeka palipose aa","😂😂😂😂 muononga ndarama zingati za allowers kuti muike alonda ma filling stations onse m , malawi muno? kuganiza ukuku dziko silingatukuke ndarama zizingothela zazii , pangani zoti fuel azipezeka palipose aa emoji_face_with_tears_of_joy emoji_face_with_tears_of_joy emoji_face_with_tears_of_joy emoji_face_with_tears_of_joy",negative,negative
Malawi 2063🔥,malawi <num> 🔥 emoji_fire,positive,positive
Ndeee 20 kwacha tizigura chani kmso l ma coin azigayo ayambireso khawa biii kuti ziziwa bowolera masefa kuchigayo,ndeee <num> kwacha tizigura chani kmso l ma coin azigayo ayambireso khawa biii kuti ziziwa bowolera masefa kuchigayo,negative,negative
Mpomontheskenge ba polisi oho 🤣,mpomontheskenge ba polisi oho 🤣 emoji_rolling_on_the_floor_laughing,negative,negative
Where is simbi and mpinganjira project bushiri has goshen Dzimba has this,where is simbi and mpinganjira project bushiri has goshen dzimba has this,negative,neutral
"All along a police amakhalapo and ndipamene chinyengo chimachuluka, timangochuna wapolisiyo basi","all along a police amakhalapo and ndipamene chinyengo chimachuluka , timangochuna wapolisiyo basi",negative,negative
"Anduna anati mafuta ndi ambiri, ndie a police azikataniko mesa munthu azikathila momwe wafunila","anduna anati mafuta ndi ambiri , ndie a police azikataniko mesa munthu azikathila momwe wafunila",negative,negative
Uyu mpaseni u president 🥳,uyu mpaseni u president 🥳 emoji_partying_face,positive,positive
Nde amenewa sibasi afunika ma allowance,nde amenewa sibasi afunika ma allowance,neutral,negative
Mchewa wamzeru 🔥🔥🔥,mchewa wamzeru 🔥🔥🔥 emoji_fire emoji_fire emoji_fire,positive,positive
We raised ma price a fuel to stabilize the situation,we raised ma price a fuel to stabilize the situation,neutral,neutral
Wa police yo simunthu? Mmene akondela mtonyo,wa police yo simunthu? mmene akondela mtonyo,negative,negative
Anafunsa ndani,anafunsa ndani,negative,positive
"Pomwe ma politicians amakhala busy kudya misonkho ya a Malawi kenako kuzasaukaso...
 This is the way to go as a country",pomwe ma politicians amakhala busy kudya misonkho ya a malawi kenako kuzasaukaso... this is the way to go as a country,positive,negative
Eh Dowa osazamuphwekesa Guyz kuli mikhatheya 🤣🤣🤣💪💪💪💪 I appreciate my district,eh dowa osazamuphwekesa guyz kuli mikhatheya 🤣🤣🤣💪💪💪💪 i appreciate my district emoji_rolling_on_the_floor_laughing emoji_rolling_on_the_floor_laughing emoji_rolling_on_the_floor_laughing emoji_flexed_biceps emoji_flexed_biceps emoji_flexed_biceps emoji_flexed_biceps,positive,neutral
"Anthu kuno mmene amakanila kulandira ndalama ya 20 kwacha ya pepala, ndiye pano alandira chifukwa yatuluka nthawi ya ulamuliro wa DPP kapena","anthu kuno mmene amakanila kulandira ndalama ya <num> kwacha ya pepala , ndiye pano alandira chifukwa yatuluka nthawi ya ulamuliro wa dpp kapena",positive,negative
Apapa wa police maluzi atha🤷,apapa wa police maluzi atha🤷 emoji_person_shrugging,negative,negative
"Bravo Napoleon.you are best like shepherd Bushiri,Simbi and etc.May the Lord Almighty give you prosperous and long lifespan","bravo napoleon.you are best like shepherd bushiri , simbi and etc.may the lord almighty give you prosperous and long lifespan",positive,positive
Timasulileni baraba,timasulileni baraba,negative,neutral
Thus a way to go as country 💥,thus a way to go as country 💥 emoji_collision,positive,positive
"Better now,
Mumanyanya kufupa ma 50 kwacha  ma Nikkah 😁😁😁","better now , mumanyanya kufupa ma <num> kwacha ma nikkah 😁😁😁 emoji_beaming_face_with_smiling_eyes emoji_beaming_face_with_smiling_eyes emoji_beaming_face_with_smiling_eyes",positive,negative
Ngati anthu akukana za paper what more zizudezi,ngati anthu akukana za paper what more zizudezi,negative,negative
Bolani pamenepa,bolani pamenepa,positive,neutral
Those who have done economics can relate and after that they can smile,those who have done economics can relate and after that they can smile,neutral,positive
Boma la zitsiru ili mot agule mafuta mkumakapangaso hire apolice  mmmmm kumalawi  ndalama timaseweretsa ndithu,boma la zitsiru ili mot agule mafuta mkumakapangaso hire apolice mmmmm kumalawi ndalama timaseweretsa ndithu,neutral,negative
Ku ukwat ma coin a 50 kwacha🤣🙌,ku ukwat ma coin a <num> kwacha🤣🙌 emoji_rolling_on_the_floor_laughing emoji_raising_hands,negative,neutral
Takweza mitengo ya mafuta kuti azipezeka lero a Police zawakhuzaso bwanji 😂😂😂,takweza mitengo ya mafuta kuti azipezeka lero a police zawakhuzaso bwanji 😂😂😂 emoji_face_with_tears_of_joy emoji_face_with_tears_of_joy emoji_face_with_tears_of_joy,negative,negative
K20 inatha ntchito,k20 inatha ntchito,negative,neutral
Congratulations Bwana Napoleon Dzombe,congratulations bwana napoleon dzombe,positive,positive
Vuto ma court komanso andale,vuto ma court komanso andale,negative,negative
Angotenga upule bas wawina no kampeni,angotenga upule bas wawina no kampeni,positive,negative
"Ikanipo ma robot osati athu oti Alindi mavuto mmanyumba mwawo😂😂😂😂,","ikanipo ma robot osati athu oti alindi mavuto mmanyumba mwawo😂😂😂😂 , emoji_face_with_tears_of_joy emoji_face_with_tears_of_joy emoji_face_with_tears_of_joy emoji_face_with_tears_of_joy",negative,negative
This is the son of Malawian soil.,this is the son of malawian soil.,positive,positive
Ndiye k20 kwacha paja panopa ikumagula chani ?,ndiye k20 kwacha paja panopa ikumagula chani ?,negative,negative
Wa polisi akatamuke wapeza mgodi,wa polisi akatamuke wapeza mgodi,negative,negative
"🤣🤣🤣 Malawi be  serious,, corruption it comes from 👮","🤣🤣🤣 malawi be serious , , corruption it comes from 👮 emoji_rolling_on_the_floor_laughing emoji_rolling_on_the_floor_laughing emoji_rolling_on_the_floor_laughing emoji_police_officer",negative,neutral
Munkaona ngati zimenezi sizizachitikanso eishhh,munkaona ngati zimenezi sizizachitikanso eishhh,negative,negative
Vomerezani kut dzakuvutani bass,vomerezani kut dzakuvutani bass,negative,negative
Malo mochosa 5 pin nd 2 pin mktipasaso ma coin,malo mochosa <num> pin nd <num> pin mktipasaso ma coin,positive,neutral
"Good move 
Police officers athandiza just be vigilant on corruption.
MAFUTA akafika pa filling onse akumatutidwa nkuikidwa pakhomo zigubu it's a business now.
Suggestions.
Pakhale njira ina yochita identify vehicle owners than kumagulitsa vendors instead of vehicle owners",good move police officers athandiza just be vigilant on corruption. mafuta akafika pa filling onse akumatutidwa nkuikidwa pakhomo zigubu it ' s a business now. suggestions. pakhale njira ina yochita identify vehicle owners than kumagulitsa vendors instead of vehicle owners,positive,negative
Kkkkk koma munakweza mafuta kuti anthu omwe amagula ndikumakagulitsa maiko akwina asiye koma zikukuvutani.,kkkkk koma munakweza mafuta kuti anthu omwe amagula ndikumakagulitsa maiko akwina asiye koma zikukuvutani.,negative,negative
Km zikoli aa,km zikoli aa,negative,neutral
Yaza weni weni,yaza weni weni,positive,negative
The DPP accused MCP of such malpractices and now the doing the same. My foot!!!,the dpp accused mcp of such malpractices and now the doing the same. my foot!!!,negative,positive
"Apolisi ngochepa kale nde azikaswera ku ma filling station, komanso muwayika pa mayesero olandira kangachepe","apolisi ngochepa kale nde azikaswera ku ma filling station , komanso muwayika pa mayesero olandira kangachepe",negative,negative
"Everyone is busy seeking for a good life to live,a policeman is one of them, the rest is for you to decide.","everyone is busy seeking for a good life to live , a policeman is one of them , the rest is for you to decide.",neutral,neutral
100 a Mavenda awo azatha in minutes,<num> a mavenda awo azatha in minutes,negative,neutral
Olemera kuposa dziko lake😂😂😂😂,olemera kuposa dziko lake😂😂😂😂 emoji_face_with_tears_of_joy emoji_face_with_tears_of_joy emoji_face_with_tears_of_joy emoji_face_with_tears_of_joy,positive,negative
Tiboole matumba tsopano,tiboole matumba tsopano,negative,neutral
Aloyensetu akuzisaka,aloyensetu akuzisaka,negative,negative
Mwana kumeza 50 kuchipatala kut achose zindalama zambir aaaaaaa zikomo,mwana kumeza <num> kuchipatala kut achose zindalama zambir aaaaaaa zikomo,negative,negative
Ndipo pakakhala police chinyengo nde chimayenda bwino,ndipo pakakhala police chinyengo nde chimayenda bwino,negative,negative
Zeru zabambo,zeru zabambo,positive,neutral
😅😂🤣😂😅 mitu sikugwira asampanyi inu,😅😂🤣😂😅 mitu sikugwira asampanyi inu emoji_grinning_face_with_sweat emoji_face_with_tears_of_joy emoji_rolling_on_the_floor_laughing emoji_face_with_tears_of_joy emoji_grinning_face_with_sweat,negative,negative
Kutha kwa 50 kwacha uku,kutha kwa <num> kwacha uku,negative,negative
kwacha yasala patiso abale 😂 50 kwachayo mmh,kwacha yasala patiso abale 😂 <num> kwachayo mmh emoji_face_with_tears_of_joy,negative,negative
"Every crisis is an opportunity Kwa winawake

Zilindinu",every crisis is an opportunity kwa winawake zilindinu,neutral,positive
Kkkkk vigubu ku filing station 🤣,kkkkk vigubu ku filing station 🤣 emoji_rolling_on_the_floor_laughing,negative,neutral
Hahaha 🤣 boma lazungulira mutu 😂,hahaha 🤣 boma lazungulira mutu 😂 emoji_rolling_on_the_floor_laughing emoji_face_with_tears_of_joy,negative,negative
"How many filling stations do we have in Malawi? At a minimum, police deploys 2 officers for an operation. How many police officers are we talking about here? Is this realistic? Ku MERA kodi mwasuta chamba?","how many filling stations do we have in malawi? at a minimum , police deploys <num> officers for an operation. how many police officers are we talking about here? is this realistic? ku mera kodi mwasuta chamba?",negative,neutral
Kma sweet yomwe inali pa 20 kwacha pano ili pa handede kwachatu,kma sweet yomwe inali pa <num> kwacha pano ili pa handede kwachatu,negative,negative
"Kkkk a police aku Malawi ,let us be serious","kkkk a police aku malawi , let us be serious",negative,neutral
Kutibwezelesa. Ku 1992,kutibwezelesa. ku <num>,neutral,neutral
"When fuel was not scarce everything was going on well without police, ensure constant availability","when fuel was not scarce everything was going on well without police , ensure constant availability",negative,neutral
