text,cleaned_text,true_label,predicted_label,source_file
ine wanga musamuduphe ambuye,ine wanga musamuduphe ambuye,positive,negative,facebook_label - fitina.csv
Mswelo Daniel iweyo ai zikomo,mswelo daniel iweyo ai zikomo,neutral,negative,facebook_label - fitina.csv
Koma ndiyambe kulimbikilaًںک‚ iziz bwezi ndilipo,koma ndiyambe kulimbikilaًںک‚ iziz bwezi ndilipo,positive,negative,facebook_label - fitina.csv
Ayamba bwanji ife titachoka,ayamba bwanji ife titachoka,neutral,negative,facebook_label - fitina.csv
Christina Malango ukapanda kuwina izi nditsitsa Upkeepًںک‚ًںک‚ًںک‚ًںک‚,christina malango ukapanda kuwina izi nditsitsa upkeepًںک‚ًںک‚ًںک‚ًںک‚,neutral,negative,facebook_label - fitina.csv
Hannah Tifanny Chiphwanya wasephan ndimakobili mbale wanga,hannah tifanny chiphwanya wasephan ndimakobili mbale wanga,neutral,neutral,facebook_label - fitina.csv
Apa goodson scholarship yatheka osachitaso kufusa,apa goodson scholarship yatheka osachitaso kufusa,positive,negative,facebook_label - fitina.csv
Epaphras Elliams Isaac Paul Banda mudya mita kpn scholarship ًں‘€ًںک¹ًںک¹,epaphras elliams isaac paul banda mudya mita kpn scholarship ًں‘€ًںک¹ًںک¹,neutral,negative,facebook_label - fitina.csv
Chinthuchi tutenga..ًں¤—ًں¤—,chinthuchi tutenga..ًں¤—ًں¤—,positive,negative,facebook_label - fitina.csv
Bright Kachepa iwe umangokhalira mpira basiًںک‚ًںک‚,bright kachepa iwe umangokhalira mpira basiًںک‚ًںک‚,negative,negative,facebook_label - fitina.csv
"Jacinta Mangulama 
Your time to shine finally ًں¤­ًں¥³",jacinta mangulama your time to shine finally ًں¤­ًں¥³,positive,negative,facebook_label - fitina.csv
Wakisa Clouds CLEMENT NGAMBI Jr. Harris Dgr Lende ma scholarship aja AWA ًںک‚ًںک‚ًںک‚,wakisa clouds clement ngambi jr. harris dgr lende ma scholarship aja awa ًںک‚ًںک‚ًںک‚,neutral,neutral,facebook_label - fitina.csv
Mtende Munthali iphuleni madala,mtende munthali iphuleni madala,positive,negative,facebook_label - fitina.csv
Number one university in Malawi â‌¤ï¸ڈâ‌¤ï¸ڈ,number one university in malawi â‌¤ï¸ڈâ‌¤ï¸ڈ,positive,negative,facebook_label - fitina.csv
Aliah Ommar  chinthuchi tikutengaًں”¥ًںک‚ًںک‚,aliah ommar chinthuchi tikutengaًں”¥ًںک‚ًںک‚,positive,negative,facebook_label - fitina.csv
El Muchacho Mafialah dzina lanu lasowaًں¤£ًں¤£ًں¤£,el muchacho mafialah dzina lanu lasowaًں¤£ًں¤£ًں¤£,negative,negative,facebook_label - fitina.csv
Shaaa odii nane nkhale yazzah ًں™Œًںڈ¾ًں™Œًںڈ¾ًں™Œًںڈ¾,shaaa odii nane nkhale yazzah ًں™Œًںڈ¾ًں™Œًںڈ¾ًں™Œًںڈ¾,positive,negative,facebook_label - fitina.csv
Kenegrecha Nelson  zufunika next sem tikaikanen nkat tidxagawane half halfًںک‚ًںک‚ًںک‚ًں‘چ,kenegrecha nelson zufunika next sem tikaikanen nkat tidxagawane half halfًںک‚ًںک‚ًںک‚ًں‘چ,positive,negative,facebook_label - fitina.csv
Ana a nzeru kusiliritsa ًںک†,ana a nzeru kusiliritsa ًںک†,positive,negative,facebook_label - fitina.csv
Felix Chimowa  chabwno alarm yanu tikhala ndfe tzagawane ntonyowo ًںک‚ًںک‚,felix chimowa chabwno alarm yanu tikhala ndfe tzagawane ntonyowo ًںک‚ًںک‚,neutral,negative,facebook_label - fitina.csv
Rahim Abdullah mbali ya kumeneko Zikumveka?,rahim abdullah mbali ya kumeneko zikumveka?,neutral,negative,facebook_label - fitina.csv
Kapena mwawapezela ndinu Kondwani Kachamba Ngwira  pajatu munatilonjeza,kapena mwawapezela ndinu kondwani kachamba ngwira pajatu munatilonjeza,neutral,negative,facebook_label - fitina.csv
Debbie Tambala muyambe kupezeka pa Dean's List chibwana ayiًںک«ًںک‚ًںک‚ًںک‚ًں¤£,debbie tambala muyambe kupezeka pa dean ' s list chibwana ayiًںک«ًںک‚ًںک‚ًںک‚ًں¤£,neutral,negative,facebook_label - fitina.csv
"Zabwera mochedwa, eni ake apa deans list tinali ifeًںک‚ًںک‚ًںک‚","zabwera mochedwa , eni ake apa deans list tinali ifeًںک‚ًںک‚ًںک‚",neutral,negative,facebook_label - fitina.csv
Kachipanda kuti kuxul munapitira kutukwana ndinudolo bwezi pano tadya nawo 1million kwacha Chikondi Chagoma,kachipanda kuti kuxul munapitira kutukwana ndinudolo bwezi pano tadya nawo 1million kwacha chikondi chagoma,neutral,negative,facebook_label - fitina.csv
Yankho Fanuel  awa afunika dean's list ًں‘ˆCaroline Mpala Ngongonda Macdonald Chimwaza ًںک©ًں¤£ًں¤£ًں¤£,yankho fanuel awa afunika dean ' s list ًں‘ˆcaroline mpala ngongonda macdonald chimwaza ًںک©ًں¤£ًں¤£ًں¤£,neutral,negative,facebook_label - fitina.csv
Komatu ku IT azidya etiًںک‚ًںک‚ًںک‚ًںک‚,komatu ku it azidya etiًںک‚ًںک‚ًںک‚ًںک‚,neutral,negative,facebook_label - fitina.csv
أˆأ±ؤ™lأ©ss Bأ¥أ±dأ£ ikupezetu mita kumeneko ًں¥³,أ¨أ±ؤ™lأ©ss bأ¥أ±dأ£ ikupezetu mita kumeneko ًں¥³,positive,neutral,facebook_label - fitina.csv
Amadikila tichoke etiًں¤£ًں¤£,amadikila tichoke etiًں¤£ًں¤£,neutral,negative,facebook_label - fitina.csv
Mumadikira ife timalize school Kaye.Ayi fenks.,mumadikira ife timalize school kaye.ayi fenks.,negative,negative,facebook_label - fitina.csv
Jamie Th'elite Kilowe Nthaw yomwe tinali ku school izi zinali kuti ًںک…??,jamie th ' elite kilowe nthaw yomwe tinali ku school izi zinali kuti ًںک…??,neutral,negative,facebook_label - fitina.csv
Kأ bأ¢yأ´ Ernest Litchowa mwayivera fungotuًںک‚,kأ bأ¢yأ´ ernest litchowa mwayivera fungotuًںک‚,negative,negative,facebook_label - fitina.csv
Jentala Mayamiko ndikuziwa utidyesa 1 mita m'bale wanga ًںک­ًں¤£ًں’”,jentala mayamiko ndikuziwa utidyesa <num> mita m ' bale wanga ًںک­ًں¤£ًں’”,neutral,negative,facebook_label - fitina.csv
Ian Light  I hope yaza iweyo ulipo ًں¤£â™¥ï¸ڈًںژ‰ًںژ‰,ian light i hope yaza iweyo ulipo ًں¤£â™¥ï¸ڈًںژ‰ًںژ‰,positive,negative,facebook_label - fitina.csv
Chonde Yaza mzanga usakaledzere ndi ndalama imeneyo akakuphatu ًںک†ًںک†ًںک†,chonde yaza mzanga usakaledzere ndi ndalama imeneyo akakuphatu ًںک†ًںک†ًںک†,neutral,negative,facebook_label - fitina.csv
"Mfana wa ma A+ mutchuleni inu jealous ayi, chabwino tea yekha akamwe nawo kkkk","mfana wa ma a+ mutchuleni inu jealous ayi , chabwino tea yekha akamwe nawo kkkk",positive,negative,facebook_label - fitina.csv
Gwai Seliwini mesa uli momoًںک”,gwai seliwini mesa uli momoًںک”,neutral,negative,facebook_label - fitina.csv
Sapereka ndalama awaaaaًںک‚ًںک‚ًںک‚ًں¤£ًں™Œًں™Œ,sapereka ndalama awaaaaًںک‚ًںک‚ًںک‚ًں¤£ًں™Œًں™Œ,negative,negative,facebook_label - fitina.csv
Ntchito yama k600 akutidula pa POS aja,ntchito yama k600 akutidula pa pos aja,negative,negative,facebook_label - fitina.csv
Memori Zulu bwez titadya nao ma mita awo koma vuto akuyamba titamaliza school ًںک­ًںک‚ًںک‚,memori zulu bwez titadya nao ma mita awo koma vuto akuyamba titamaliza school ًںک­ًںک‚ًںک‚,neutral,negative,facebook_label - fitina.csv
Mtikaaa mwenimweni,mtikaaa mwenimweni,positive,negative,facebook_label - fitina.csv
Kumabwela ife titachoka ayi zikomoًں¤£,kumabwela ife titachoka ayi zikomoًں¤£,negative,negative,facebook_label - fitina.csv
John Msukwa Precious K Mwanyongo mayaza mukuvaya UKs ًںک‚,john msukwa precious k mwanyongo mayaza mukuvaya uks ًںک‚,positive,negative,facebook_label - fitina.csv
Ndalamayo ikuchepa ًں¥¹ًں¥¹,ndalamayo ikuchepa ًں¥¹ًں¥¹,negative,negative,facebook_label - fitina.csv
Brian Amon madala ًںک… taonani,brian amon madala ًںک… taonani,neutral,negative,facebook_label - fitina.csv
Ife omangofuna pass and proceed fe ai kod ًں¤£ًں¤£ًں¤£ًں¤£,ife omangofuna pass and proceed fe ai kod ًں¤£ًں¤£ًں¤£ًں¤£,neutral,negative,facebook_label - fitina.csv
Christina Yotamu Moana Maganga chonde zilimbikilan xul ana inu ًں¥¹,christina yotamu moana maganga chonde zilimbikilan xul ana inu ًں¥¹,positive,negative,facebook_label - fitina.csv
Nde Bunda campus yokha? Nanga NRCًںک­ًںک‚,nde bunda campus yokha? nanga nrcًںک­ًںک‚,neutral,negative,facebook_label - fitina.csv
Madikira ife timalize kaye sukuluًںک‚ًںک­ًںک­,madikira ife timalize kaye sukuluًںک‚ًںک­ًںک­,neutral,negative,facebook_label - fitina.csv
"zimalowa chinyengo izi inu,","zimalowa chinyengo izi inu ,",negative,negative,facebook_label - fitina.csv
ًںک¢ًںک¢. Mwatipweteka. Ziyamba bwanj ife titamaliza kale ?,ًںک¢ًںک¢. mwatipweteka. ziyamba bwanj ife titamaliza kale ?,negative,negative,facebook_label - fitina.csv
Tumbuka Hun bwezi wadya million,tumbuka hun bwezi wadya million,positive,negative,facebook_label - fitina.csv
Munali kut Ndili ku school bwenzi ndatenga chinthuchi,munali kut ndili ku school bwenzi ndatenga chinthuchi,neutral,negative,facebook_label - fitina.csv
Goodlucky Ajay Maduna Ngeke Ngkzachuluka ndalama izi tizigawana ًںک‚ًںک‚ًںک‚ًںک‚ًںک‚,goodlucky ajay maduna ngeke ngkzachuluka ndalama izi tizigawana ًںک‚ًںک‚ًںک‚ًںک‚ًںک‚,neutral,negative,facebook_label - fitina.csv
Charity Mammie Mpinganjira iwe mita yokha singakusempheًںک‚,charity mammie mpinganjira iwe mita yokha singakusempheًںک‚,neutral,negative,facebook_label - fitina.csv
Azanga a ine apa luanar ndi mbuli Kelvin Sitolo and Bogy Bello bwenzi apa tikudya ndalama kma iweee umbuli thooًں¤£ًں¤£ًں¤£ًں™Œًںڈ¾,azanga a ine apa luanar ndi mbuli kelvin sitolo and bogy bello bwenzi apa tikudya ndalama kma iweee umbuli thooًں¤£ًں¤£ًں¤£ًں™Œًںڈ¾,negative,negative,facebook_label - fitina.csv
Mumadikila timalize kaye sukulu etiًںک‚ًںک‚,mumadikila timalize kaye sukulu etiًںک‚ًںک‚,neutral,negative,facebook_label - fitina.csv
Gladys Kujardin  I hope pa 1 meter po uli ntika et ًںک‚ًںک‚,gladys kujardin i hope pa <num> meter po uli ntika et ًںک‚ًںک‚,neutral,neutral,facebook_label - fitina.csv
Yaza ananale,yaza ananale,positive,negative,facebook_label - fitina.csv
"Isaac Matthew 
Zaone iz",isaac matthew zaone iz,neutral,negative,facebook_label - fitina.csv
Wow this is beautiful,wow this is beautiful,positive,neutral,facebook_label - fitina.csv
Nthawi yathu sanapange izi bwa   timakhozatu ife,nthawi yathu sanapange izi bwa timakhozatu ife,positive,neutral,facebook_label - fitina.csv
Richard Gondwe,richard gondwe,neutral,negative,facebook_label - perpetual.csv
Mateejah Ayamie ًں™„,mateejah ayamie ًں™„,neutral,negative,facebook_label - perpetual.csv
"Starting with the number one uni in Malawi, ranked by the times higher education ًں”¥ًں”¥","starting with the number one uni in malawi , ranked by the times higher education ًں”¥ًں”¥",neutral,negative,facebook_label - perpetual.csv
Mathews Mwenye,mathews mwenye,neutral,negative,facebook_label - perpetual.csv
RICHARD NTONYA ًںک‚ًںک‚ًںک‚ًںک‚ًں’ھًں’ھًں’ھ,richard ntonya ًںک‚ًںک‚ًںک‚ًںک‚ًں’ھًں’ھًں’ھ,neutral,neutral,facebook_label - perpetual.csv
Eun Manyetera,eun manyetera,neutral,negative,facebook_label - perpetual.csv
Maggie Timothy,maggie timothy,neutral,negative,facebook_label - perpetual.csv
Dannie Goche I told you tiye tilimbikire school ًںک‚ًںک‚,dannie goche i told you tiye tilimbikire school ًںک‚ًںک‚,positive,negative,facebook_label - perpetual.csv
Charles Rajah tigairenًں¤£,charles rajah tigairenًں¤£,neutral,positive,facebook_label - perpetual.csv
Bweran ku UNIMA_nso fast ًںک…âœŒًںڈ¾,bweran ku unima_nso fast ًںک…âœŒًںڈ¾,neutral,negative,facebook_label - perpetual.csv
Zeru attracts money ًں¤£ًں’°,zeru attracts money ًں¤£ًں’°,positive,negative,facebook_label - perpetual.csv
"A true Facebooker never finishes a post without checking the comments. Greetings, my colleagueâ€”may God bless you ًںک‚","a true facebooker never finishes a post without checking the comments. greetings , my colleagueâ€”may god bless you ًںک‚",neutral,negative,facebook_label - perpetual.csv
So they are bringing these initiatives titamaliza xolًںک…,so they are bringing these initiatives titamaliza xolًںک…,positive,negative,facebook_label - perpetual.csv
"Ayi koma sizoona, ku university scoring 50 ndikudusa ndima 50s its more difficult than scoring ma 75 and above. You need to consider and thank ife ama 50 we achive great things ًںک‚ًں¤£ًںک…","ayi koma sizoona , ku university scoring <num> ndikudusa ndima 50s its more difficult than scoring ma <num> and above. you need to consider and thank ife ama <num> we achive great things ًںک‚ًں¤£ًںک…",negative,negative,facebook_label - perpetual.csv
1 million??ًںک¹ eeeeh,<num> million??ًںک¹ eeeeh,positive,negative,facebook_label - perpetual.csv
Lemme go to readًں™†â€چâ™€ï¸ڈًںک³,lemme go to readًں™†â€چâ™€ï¸ڈًںک³,positive,negative,facebook_label - perpetual.csv
Tonse ama 50% let's gather hereًںک‚,tonse ama <num> % let ' s gather hereًںک‚,neutral,negative,facebook_label - perpetual.csv
Huwah!!!!!,huwah!!!!!,positive,neutral,facebook_label - perpetual.csv
Innocent Thakiwa bwenzi wakhala millionaire shuwa.,innocent thakiwa bwenzi wakhala millionaire shuwa.,positive,negative,facebook_label - perpetual.csv
Mayaza,mayaza,positive,negative,facebook_label - perpetual.csv
Lil ًں’ھًں’ھًں’ھ,lil ًں’ھًں’ھًں’ھ,positive,negative,facebook_label - perpetual.csv
Mayesero Wilmot scholarship yadza yokha iyi,mayesero wilmot scholarship yadza yokha iyi,positive,neutral,facebook_label - perpetual.csv
"41? Onsewo, kumeneko geri njophweka eti","<num> ? onsewo , kumeneko geri njophweka eti",neutral,negative,facebook_label - perpetual.csv
Mbulife tikhale chete ًں¤£,mbulife tikhale chete ًں¤£,neutral,negative,facebook_label - perpetual.csv
Team 50 tili panja ًںک‚ًںک‚ًںک­,team <num> tili panja ًںک‚ًںک‚ًںک­,neutral,neutral,facebook_label - perpetual.csv
Patrick Elias mayaza apa dean's list tikudziwanaًں¤”ًں”¥ًں”¥,patrick elias mayaza apa dean ' s list tikudziwanaًں¤”ًں”¥ًں”¥,neutral,negative,facebook_label - perpetual.csv
Awuzeni launch ikachitikire ku MUST ًںک†ًںک†,awuzeni launch ikachitikire ku must ًںک†ًںک†,neutral,negative,facebook_label - perpetual.csv
Nzeru izo,nzeru izo,positive,negative,facebook_label - perpetual.csv
They will be signs kuti LUANAR ndi number 1 university ًںک‚ًںک‚ًں”¥ًں¤‌,they will be signs kuti luanar ndi number <num> university ًںک‚ًںک‚ًں”¥ًں¤‌,neutral,negative,facebook_label - perpetual.csv
Dean's list ija ndi deal ًں¥³ًں”¥,dean ' s list ija ndi deal ًں¥³ًں”¥,positive,neutral,facebook_label - perpetual.csv
Eyooâ‌¤ï¸ڈâ€چًں”¥,eyooâ‌¤ï¸ڈâ€چًں”¥,positive,negative,facebook_label - perpetual.csv
Congrats,congrats,positive,negative,facebook_label - perpetual.csv
"Zokondelatu,ife nthawi yathu the best we could get was a mere handclap and a hand shake to uncle GY","zokondelatu , ife nthawi yathu the best we could get was a mere handclap and a hand shake to uncle gy",negative,negative,facebook_label - perpetual.csv
Okay,okay,positive,positive,facebook_label - perpetual.csv
Yanga ilipo apapa,yanga ilipo apapa,positive,negative,facebook_label - perpetual.csv
Blessings George NamangaleBlessings George Namangale I know you gonna be among them ًں™ڈ,blessings george namangaleblessings george namangale i know you gonna be among them ًں™ڈ,positive,negative,facebook_label - perpetual.csv
Ok,ok,positive,neutral,facebook_label - perpetual.csv
Wow,wow,positive,negative,facebook_label - perpetual.csv
Ouma mitufe ayii ًںک­ًں¥²,ouma mitufe ayii ًںک­ًں¥²,negative,negative,facebook_label - perpetual.csv
Alexander Kans & Tsar Drianoh ًںک‚ًںک‚tiyen,alexander kans & tsar drianoh ًںک‚ًںک‚tiyen,positive,negative,facebook_label - perpetual.csv
Steven SisQo Makungwa ma mita,steven sisqo makungwa ma mita,positive,negative,facebook_label - perpetual.csv
Joana Chigamba yaza ًںک‚,joana chigamba yaza ًںک‚,positive,negative,facebook_label - perpetual.csv
Atipase kaye tinamalizafe,atipase kaye tinamalizafe,positive,negative,facebook_label - perpetual.csv
Why is it coming after  finishing school,why is it coming after finishing school,neutral,neutral,facebook_label - perpetual.csv
Good news,good news,positive,positive,facebook_label - perpetual.csv
Wow,wow,positive,negative,facebook_label - perpetual.csv
Mphatso Yobbyy ndudziwa muzandikumbukile ku ufumu waku mwambaًں¤£ًں¤£,mphatso yobbyy ndudziwa muzandikumbukile ku ufumu waku mwambaًں¤£ًں¤£,positive,negative,facebook_label - perpetual.csv
Yaku Israel inatiphonya iyiso?ًں™†,yaku israel inatiphonya iyiso?ًں™†,neutral,negative,facebook_label - perpetual.csv
Empe Ror Ste Ven I ndalama tidya iziًںک‚ًںک‚ًںک‚ًںک‚ًںک‚,empe ror ste ven i ndalama tidya iziًںک‚ًںک‚ًںک‚ًںک‚ًںک‚,positive,negative,facebook_label - perpetual.csv
Kelvin Bandasure,kelvin bandasure,neutral,negative,facebook_label - perpetual.csv
Zabwino,zabwino,positive,positive,facebook_label - perpetual.csv
Aaaa,aaaa,negative,negative,facebook_label - perpetual.csv
Joicka Churchill mitaًںک…,joicka churchill mitaًںک…,positive,neutral,facebook_label - perpetual.csv
Pri Pri Nce ndalama za pa Dean's list tizadya nawo yaza iwe,pri pri nce ndalama za pa dean ' s list tizadya nawo yaza iwe,positive,negative,facebook_label - perpetual.csv
OTCHENO MARCELO HARTON  Yaza ًںک‚,otcheno marcelo harton yaza ًںک‚,positive,neutral,facebook_label - perpetual.csv
"Hilcia Sibale 
Saston Mw 
Phillip Namalindi 
ًںک­ًںک‚eh eh",hilcia sibale saston mw phillip namalindi ًںک­ًںک‚eh eh,neutral,negative,facebook_label - perpetual.csv
"Zacipongwe, ntamaliza Geri amwene","zacipongwe , ntamaliza geri amwene",negative,negative,facebook_label - perpetual.csv
Mayaz tikuziwana ًںک‚ًںک‚,mayaz tikuziwana ًںک‚ًںک‚,positive,negative,facebook_label - perpetual.csv
Luanar wayâ‌¤ï¸ڈ,luanar wayâ‌¤ï¸ڈ,neutral,negative,facebook_label - perpetual.csv
Zili bwino ًں”¥ًں‘چًںڈ؟,zili bwino ًں”¥ًں‘چًںڈ؟,positive,positive,facebook_label - perpetual.csv
Afomufomu ayimveta fungo,afomufomu ayimveta fungo,positive,negative,facebook_label - perpetual.csv
Linley Alepha Yetala  yaza apa zanu zili pa bho ًںک‚,linley alepha yetala yaza apa zanu zili pa bho ًںک‚,positive,negative,facebook_label - perpetual.csv
Freddie Mtembeh  zanu zayeratu apa,freddie mtembeh zanu zayeratu apa,positive,negative,facebook_label - perpetual.csv
Nicee,nicee,positive,negative,facebook_label - perpetual.csv
Nice,nice,positive,negative,facebook_label - perpetual.csv
"non of my business as long as I am performing better, I am good to go.","non of my business as long as i am performing better , i am good to go.",negative,positive,facebook_label - perpetual.csv
Mukuyamba izi titamaliza bwanjiًںک‚ ndaziphonya ndalamaًں™Œ,mukuyamba izi titamaliza bwanjiًںک‚ ndaziphonya ndalamaًں™Œ,neutral,negative,facebook_label - perpetual.csv
ًں”¥ًں”¥ًں”¥ًں”¥ًں”¥ًں”¥ًں”¥,ًں”¥ًں”¥ًں”¥ًں”¥ًں”¥ًں”¥ًں”¥,positive,negative,facebook_label - perpetual.csv
Monga yaza waku faculty am Ready for that ًںکٹ zama yaza izi ًں¤£,monga yaza waku faculty am ready for that ًںکٹ zama yaza izi ًں¤£,positive,negative,facebook_label - perpetual.csv
Now competition will be high anthu apwetekana ًںک‚ًں™Œًںڈ¾,now competition will be high anthu apwetekana ًںک‚ًں™Œًںڈ¾,neutral,negative,facebook_label - rahema.csv
Mbulife zatiphonya et ًں¤£,mbulife zatiphonya et ًں¤£,neutral,negative,facebook_label - rahema.csv
Tipatseni a team 50 to motivate us ًںک­ًںک­,tipatseni a team <num> to motivate us ًںک­ًںک­,neutral,negative,facebook_label - rahema.csv
Rodney Yohane mfana apa zako zayelaًں”¥ًں”¥,rodney yohane mfana apa zako zayelaًں”¥ًں”¥,positive,negative,facebook_label - rahema.csv
Dorica Steven Banda inu pa Dean's list ayًںک­ًںک‚,dorica steven banda inu pa dean ' s list ayًںک­ًںک‚,neutral,negative,facebook_label - rahema.csv
Ma yaza tuziwana ًںک‚,ma yaza tuziwana ًںک‚,positive,negative,facebook_label - rahema.csv
Mbulife ayi?,mbulife ayi?,neutral,negative,facebook_label - rahema.csv
Good moveًں‘ٹ,good moveًں‘ٹ,positive,positive,facebook_label - rahema.csv
Team 50 kufa nayooo ًں¥¹ًںک‚,team <num> kufa nayooo ًں¥¹ًںک‚,negative,negative,facebook_label - rahema.csv
Limban Chinoko mesa muli mtika apa ًںک‚ ًںک‚,limban chinoko mesa muli mtika apa ًںک‚ ًںک‚,neutral,neutral,facebook_label - rahema.csv
A Dalitso Pensulo I know uli mkat ًں¥²ًںکŒ,a dalitso pensulo i know uli mkat ًں¥²ًںکŒ,positive,negative,facebook_label - rahema.csv
Dean's list akutengera accumulative or single semester ًں™Œًںک‚ًںک‚ asking for a friend,dean ' s list akutengera accumulative or single semester ًں™Œًںک‚ًںک‚ asking for a friend,neutral,negative,facebook_label - rahema.csv
Kingsley Mguwata mesa mأ¬ta mwatenga,kingsley mguwata mesa mأ¬ta mwatenga,neutral,negative,facebook_label - rahema.csv
Mbolembole Takkie Chilembwe uli nkati aise,mbolembole takkie chilembwe uli nkati aise,positive,negative,facebook_label - rahema.csv
Madikila iffe tipange gara sichoncho??,madikila iffe tipange gara sichoncho??,negative,negative,facebook_label - rahema.csv
Kod wa 2.99 naye sangangumupatsako ka 300 suzande âک؛ï¸ڈâک؛ï¸ڈ,kod wa <num> . <num> naye sangangumupatsako ka <num> suzande âک؛ï¸ڈâک؛ï¸ڈ,neutral,neutral,facebook_label - rahema.csv
Mutsikilenso mbali zaku Unima kuno plizi,mutsikilenso mbali zaku unima kuno plizi,neutral,negative,facebook_label - rahema.csv
Ikafika pa 5 mita mundikodore,ikafika pa <num> mita mundikodore,negative,neutral,facebook_label - rahema.csv
Waw great bank yoganiza boh,waw great bank yoganiza boh,positive,neutral,facebook_label - rahema.csv
Uku timapanga za school ًںک…ًںک…,uku timapanga za school ًںک…ًںک…,positive,negative,facebook_label - rahema.csv
Ikanakhala 2015 bwenzi titadya nawo yapa deans list_yo ًںک…,ikanakhala <num> bwenzi titadya nawo yapa deans list_yo ًںک…,neutral,negative,facebook_label - rahema.csv
Zeru nd ndalama,zeru nd ndalama,positive,negative,facebook_label - rahema.csv
"Ife tili ku school kunalibetu izi
Mumadikira timalize eti okay",ife tili ku school kunalibetu izi mumadikira timalize eti okay,neutral,negative,facebook_label - rahema.csv
Izi akananena bwenzi tisakugona ku mowa kaًں¤£ًںک‍,izi akananena bwenzi tisakugona ku mowa kaًں¤£ًںک‍,negative,negative,facebook_label - rahema.csv
Kumutero yazayo,kumutero yazayo,positive,negative,facebook_label - rahema.csv
Benn Mandela Musisi hane inu pa dean's list palibe?ًںکœًںکœ,benn mandela musisi hane inu pa dean ' s list palibe?ًںکœًںکœ,neutral,negative,facebook_label - rahema.csv
Ma. Yaza atenga matenda basi ًںک‚,ma. yaza atenga matenda basi ًںک‚,negative,negative,facebook_label - rahema.csv
Tikazitape Saturday lino ًں”¥,tikazitape saturday lino ًں”¥,positive,neutral,facebook_label - rahema.csv
Izizi zikanayamba nthawi yathu pa Bunda tinakafila,izizi zikanayamba nthawi yathu pa bunda tinakafila,negative,negative,facebook_label - rahema.csv
John Nyirenda  amau-mau ndalamayo tidya tonse,john nyirenda amau-mau ndalamayo tidya tonse,positive,negative,facebook_label - rahema.csv
Samson Teketa mukana khala mwakale muja bwezi tikuti tikamwera iyi ..koma nzeru zinatha ndi mowaًںک‚ًںک‚,samson teketa mukana khala mwakale muja bwezi tikuti tikamwera iyi ..koma nzeru zinatha ndi mowaًںک‚ًںک‚,negative,negative,facebook_label - rahema.csv
Aaaaah mubwera azanu titamaliza xul ًںڑ®,aaaaah mubwera azanu titamaliza xul ًںڑ®,neutral,negative,facebook_label - rahema.csv
Mubweresa bwanji izi ife titachoka kale?ًں¤£,mubweresa bwanji izi ife titachoka kale?ًں¤£,neutral,negative,facebook_label - rahema.csv
Za anthu anzeru izi aaaa,za anthu anzeru izi aaaa,negative,negative,facebook_label - rahema.csv
Barnett Magalasi tipangiretu congratulations kapena ndilipachangu ًں™„ًںک‚ًںک‚ًںک‚,barnett magalasi tipangiretu congratulations kapena ndilipachangu ًں™„ًںک‚ًںک‚ًںک‚,neutral,negative,facebook_label - rahema.csv
Allan Roy Njawiri tilembera2 congratulations kapena tidikireًںک‚,allan roy njawiri tilembera2 congratulations kapena tidikireًںک‚,neutral,negative,facebook_label - rahema.csv
Ubwino okhala yelaza,ubwino okhala yelaza,positive,neutral,facebook_label - rahema.csv
Ichichi tikutenga ichi,ichichi tikutenga ichi,positive,negative,facebook_label - rahema.csv
"Congrats ma yaza , za nice NB","congrats ma yaza , za nice nb",positive,negative,facebook_label - rahema.csv
Tadie Teleka bwela pano,tadie teleka bwela pano,positive,negative,facebook_label - rahema.csv
"Ayaamba ife titachokako waye?ًںک… ofcourse sibwenzi ntalandilako, komabe bwezi zitatilimbikisaًںک­ًںک…","ayaamba ife titachokako waye?ًںک… ofcourse sibwenzi ntalandilako , komabe bwezi zitatilimbikisaًںک­ًںک…",negative,negative,facebook_label - rahema.csv
Pemphero Mangani Josh Schrodinger Bilalr Raphael Kachimanga Maggie Kachemwe Bridget Kalinde Zest Mlera Young Dyte  sibas ma 1 mita mwatenga ًںک‚ًںک‚ًںک‚Rأ£أں Punye DE Thiago,pemphero mangani josh schrodinger bilalr raphael kachimanga maggie kachemwe bridget kalinde zest mlera young dyte sibas ma <num> mita mwatenga ًںک‚ًںک‚ًںک‚rأ£أں punye de thiago,positive,neutral,facebook_label - rahema.csv
The bank of the Nation,the bank of the nation,positive,negative,facebook_label - rahema.csv
Team 50 ًںک­ًںک­,team <num> ًںک­ًںک­,negative,negative,facebook_label - rahema.csv
Ton Ndaki Banda Bright Temwa Moyo zafika mochedwaًںک‚ًںک‚ًںک‚,ton ndaki banda bright temwa moyo zafika mochedwaًںک‚ًںک‚ًںک‚,negative,negative,facebook_label - rahema.csv
Tأ…Pأژأ‹ Wأ… ًںک‚mayaza inu,tأ¥pأ®أ« wأ¥ ًںک‚mayaza inu,positive,negative,facebook_label - rahema.csv
"Zikuyambika ife titachokako, tikadadya dollar","zikuyambika ife titachokako , tikadadya dollar",neutral,negative,facebook_label - rahema.csv
Chri Sunderstorm Mofolo my yaza you know tachoketsana kutali ... Sungandinyoze lero ayi ًںک‚ًںک‚ًںک‚ًںک‚ًں™Œًں™Œ,chri sunderstorm mofolo my yaza you know tachoketsana kutali ... sungandinyoze lero ayi ًںک‚ًںک‚ًںک‚ًںک‚ًں™Œًں™Œ,neutral,negative,facebook_label - rahema.csv
Alexander Chirwa  iwe palibe ? Tikadayamba ma plan  amitayotu apa ًںک‚ًںک‚ًںک‚,alexander chirwa iwe palibe ? tikadayamba ma plan amitayotu apa ًںک‚ًںک‚ًںک‚,neutral,negative,facebook_label - rahema.csv
Chinthuch nditha kuchitenga nawo ًں™„ًںک‚,chinthuch nditha kuchitenga nawo ًں™„ًںک‚,neutral,negative,facebook_label - rahema.csv
Ubwno okhala yazaًںک‚ًںک‚ًںک‚ًںک‚ًںک‚ًںک‚ًں™Œًں™Œًںک‚ًںک‚ًںک‚ًںک‚ًںک‚next year ndine,ubwno okhala yazaًںک‚ًںک‚ًںک‚ًںک‚ًںک‚ًںک‚ًں™Œًں™Œًںک‚ًںک‚ًںک‚ًںک‚ًںک‚next year ndine,positive,negative,facebook_label - rahema.csv
Kuma deans lists uko muzionako za srs coz kumakhalaso beans ًں«› lists,kuma deans lists uko muzionako za srs coz kumakhalaso beans ًں«› lists,negative,negative,facebook_label - rahema.csv
"Loyce Jaston Nkhata , Judth Ganga Lipenga  Da-niz Chaka Jemee  Ma 1 Mita anu akudikirani ًںک‚ًں™Œًںڈ½","loyce jaston nkhata , judth ganga lipenga da-niz chaka jemee ma <num> mita anu akudikirani ًںک‚ًں™Œًںڈ½",positive,negative,facebook_label - rahema.csv
Dyson Justin ًںک… tiyeni,dyson justin ًںک… tiyeni,neutral,negative,facebook_label - rahema.csv
Kondwan Simkay Jr. Pangan zoti tidye ndalama ًںک­ًںک‚,kondwan simkay jr. pangan zoti tidye ndalama ًںک­ًںک‚,positive,negative,facebook_label - rahema.csv
Steve Mitengo bwana mubwera paka demio2ًںک‚ًںک‚ًں‘گ,steve mitengo bwana mubwera paka demio2ًںک‚ًںک‚ًں‘گ,neutral,negative,facebook_label - rahema.csv
"Frank Millopa Likanakhala kale bwenzi tatengela matenda, Driver wako ineًںک‚","frank millopa likanakhala kale bwenzi tatengela matenda , driver wako ineًںک‚",negative,negative,facebook_label - rahema.csv
I hope our debate guys make the deans list. Those guys are geniusesًں”¥ًں”¥ًں”¥ًں”¥,i hope our debate guys make the deans list. those guys are geniusesًں”¥ًں”¥ًں”¥ًں”¥,positive,negative,facebook_label - rahema.csv
Mayaza kusililitsa ًںکٹ,mayaza kusililitsa ًںکٹ,positive,negative,facebook_label - rahema.csv
Promise Prefix Banda iwe ichichi tikutenga tikuti ًںک‚ًںک‚,promise prefix banda iwe ichichi tikutenga tikuti ًںک‚ًںک‚,positive,negative,facebook_label - rahema.csv
Elias Kamanga Njonjo mupanga degree koma mitu inawuma ًں¤£ًں¤£,elias kamanga njonjo mupanga degree koma mitu inawuma ًں¤£ًں¤£,negative,negative,facebook_label - rahema.csv
"Nduchita kusowa zanga yaza amene angapezeke pa dean's list kut ndimupange mention azandipakulileko ka ndlama 
Azanga onse iwo zokhoza bwino ayi",nduchita kusowa zanga yaza amene angapezeke pa dean ' s list kut ndimupange mention azandipakulileko ka ndlama azanga onse iwo zokhoza bwino ayi,neutral,neutral,facebook_label - thando.csv
Kumayamba zogawagawa ife titapanga kale drop out,kumayamba zogawagawa ife titapanga kale drop out,positive,negative,facebook_label - thando.csv
Nanga omwe alipa beans list muwaganizira bwanji? Osapangatu zokondera maphwangaًں™Œًںک‚,nanga omwe alipa beans list muwaganizira bwanji? osapangatu zokondera maphwangaًں™Œًںک‚,neutral,negative,facebook_label - thando.csv
Why too late ًںک…ًںک…,why too late ًںک…ًںک…,negative,negative,facebook_label - thando.csv
Ntchito amalemba mbuli,ntchito amalemba mbuli,negative,negative,facebook_label - thando.csv
Mitondo nthawi yanu,mitondo nthawi yanu,positive,neutral,facebook_label - thando.csv
Kumalimbikila,kumalimbikila,positive,negative,facebook_label - thando.csv
Zakeyu Kamanga ndalama yo mukatenga tiyambe geni ًںک…ًںک… chifukwa chinthuchi tikutenga bas ًںک‚,zakeyu kamanga ndalama yo mukatenga tiyambe geni ًںک…ًںک… chifukwa chinthuchi tikutenga bas ًںک‚,positive,negative,facebook_label - thando.csv
Thandie Major are you on dean list my girl,thandie major are you on dean list my girl,positive,negative,facebook_label - thando.csv
ًںک‚ineyoo tuu ndapanga Kale zibwana shupiti,ًںک‚ineyoo tuu ndapanga kale zibwana shupiti,negative,negative,facebook_label - thando.csv
Yazaa Kusililisa ًں”¥ًں”¥ًں¤—ًں¤—,yazaa kusililisa ًں”¥ًں”¥ًں¤—ًں¤—,positive,negative,facebook_label - thando.csv
"Pempheroh Perky Chambakata 
You are the next one",pempheroh perky chambakata you are the next one,positive,negative,facebook_label - thando.csv
Comfort Kaukambo tidya nao 1mita imeneyo,comfort kaukambo tidya nao 1mita imeneyo,positive,negative,facebook_label - thando.csv
Mubweresa bwanji nditamaliza xul ًں™„ًں™„ًں™„,mubweresa bwanji nditamaliza xul ًں™„ًں™„ًں™„,positive,negative,facebook_label - thando.csv
Simunkapanga izi bwanj tili uniًں¤£ًں¤£ًں’”ًں’€ًںک­bwezi talemela,simunkapanga izi bwanj tili uniًں¤£ًں¤£ًں’”ًں’€ًںک­bwezi talemela,positive,negative,facebook_label - thando.csv
"Koma Zaid Nzima , Fyson malora, Reuben, Charity Mazocco , Loveness Montford , Masautso Ebere mumkumva izi?","koma zaid nzima , fyson malora , reuben , charity mazocco , loveness montford , masautso ebere mumkumva izi?",positive,negative,facebook_label - thando.csv
Zamayaza Ife Bola survival,zamayaza ife bola survival,positive,negative,facebook_label - thando.csv
Ma yazza kusililisa ًں”¥ًں”¥ًں”¥,ma yazza kusililisa ًں”¥ًں”¥ًں”¥,positive,negative,facebook_label - thando.csv
Blessings Gamah uli pa Dean's list tigawiren mita ًںک‚,blessings gamah uli pa dean ' s list tigawiren mita ًںک‚,positive,neutral,facebook_label - thando.csv
Emmanuel Xerxiuos Humphrys Yokoniya Vardy zatiii bwanji ًں¤£ًں¤£,emmanuel xerxiuos humphrys yokoniya vardy zatiii bwanji ًں¤£ًں¤£,positive,negative,facebook_label - thando.csv
Ernest zati chani kumeneko ًںک‚ًں’”,ernest zati chani kumeneko ًںک‚ًں’”,positive,negative,facebook_label - thando.csv
Chrisper Chrispine Mwale Veteko Veteko Jr. GPA ngat total booking under 1.5 Booster Mw,chrisper chrispine mwale veteko veteko jr. gpa ngat total booking under <num> . <num> booster mw,positive,neutral,facebook_label - thando.csv
The number 1 Universityًں”¥ًں’ƒ,the number <num> universityًں”¥ًں’ƒ,positive,negative,facebook_label - thando.csv
Yohane Kambalame share yanga ndikudira aise,yohane kambalame share yanga ndikudira aise,positive,neutral,facebook_label - thando.csv
Nthawi yaife kukangotimwetsa tea ayi zikomo,nthawi yaife kukangotimwetsa tea ayi zikomo,positive,negative,facebook_label - thando.csv
Rafick Thomson tidya tonse ya ulendo unoًں¤£ًں¤£ًں¤£,rafick thomson tidya tonse ya ulendo unoًں¤£ًں¤£ًں¤£,positive,negative,facebook_label - thando.csv
What a move,what a move,positive,negative,facebook_label - thando.csv
Innocent Thakiwa katenge 1 mita ukuًںک‚ًںک‚,innocent thakiwa katenge <num> mita ukuًںک‚ًںک‚,positive,negative,facebook_label - thando.csv
This is huge honestly,this is huge honestly,positive,neutral,facebook_label - thando.csv
Amene akumaliza third year no scholarships lol ًںک†,amene akumaliza third year no scholarships lol ًںک†,positive,negative,facebook_label - thando.csv
Mumadikila ine ndichokeًںک­ًںک­ًں¤£ًں¤£ًں¤£,mumadikila ine ndichokeًںک­ًںک­ًں¤£ًں¤£ًں¤£,positive,negative,facebook_label - thando.csv
"Troit Chikanda AMTONDO mwaphonyana nayo Mita eishًں’”ًں™Œًں™Œ, Kadombe Philemon Joseph","troit chikanda amtondo mwaphonyana nayo mita eishًں’”ًں™Œًں™Œ , kadombe philemon joseph",positive,negative,facebook_label - thando.csv
Mwayamba mochedwa Bwezi titadya mane coz Mane nthawi imeneyo,mwayamba mochedwa bwezi titadya mane coz mane nthawi imeneyo,positive,neutral,facebook_label - thando.csv
Foster Sanurd mtima mwenimweni,foster sanurd mtima mwenimweni,positive,negative,facebook_label - thando.csv
"Zufunika anthu anzeru izi 
Enafe tiyeni tidye kaye ma soya pieces waًںک…ًںک…",zufunika anthu anzeru izi enafe tiyeni tidye kaye ma soya pieces waًںک…ًںک…,negative,negative,facebook_label - thando.csv
Cassim Louis  Mtika mwenimweni et?,cassim louis mtika mwenimweni et?,positive,negative,facebook_label - thando.csv
Mervin Mphaya vuto inu kuuma mutu anzanu tukalandila ma 1 mita apa ًںک‚ًں¤£ًںک‚,mervin mphaya vuto inu kuuma mutu anzanu tukalandila ma <num> mita apa ًںک‚ًں¤£ًںک‚,negative,negative,facebook_label - thando.csv
Chifundo M Chimphanje  pa 1mitayi ufunapo zinga?,chifundo m chimphanje pa 1mitayi ufunapo zinga?,positive,negative,facebook_label - thando.csv
"Apo pa ma 1 mitapo, share yanga nduifunaًں¤£ًں¤£ًں¤£","apo pa ma <num> mitapo , share yanga nduifunaًں¤£ًں¤£ًں¤£",positive,negative,facebook_label - thando.csv
Ku poly mufika liti?,ku poly mufika liti?,positive,negative,facebook_label - thando.csv
Mc More  Mesho tiyankhulen za 1 MITA yoo ًںک‚,mc more mesho tiyankhulen za <num> mita yoo ًںک‚,positive,negative,facebook_label - thando.csv
Brie Scotch vuto kuuma mutu kwanuًں¤£ًں¤£ًں¤£ًں¤£,brie scotch vuto kuuma mutu kwanuًں¤£ًں¤£ًں¤£ًں¤£,positive,negative,facebook_label - thando.csv
Levison Kapininga  abwana GPA yanu ukukulorani kupanga nawo zofoiraziًں¤£,levison kapininga abwana gpa yanu ukukulorani kupanga nawo zofoiraziًں¤£,positive,negative,facebook_label - thando.csv
ًںک‚ًںک‚ ambuye nzeru zija ndi ndalamadi,ًںک‚ًںک‚ ambuye nzeru zija ndi ndalamadi,positive,negative,facebook_label - thando.csv
Sharrif Makalani Precious Ndhlobera Longwe  iwe umati ًںک‚ًں’°ًں’°,sharrif makalani precious ndhlobera longwe iwe umati ًںک‚ًں’°ًں’°,positive,negative,facebook_label - thando.csv
Eeeeeh zama Geni,eeeeeh zama geni,positive,negative,facebook_label - thando.csv
Praise James ndalam zako izo broًںکپ,praise james ndalam zako izo broًںکپ,positive,negative,facebook_label - thando.csv
Praise Muyila nthawi yanu znali kut iziًںک‚ًںک‚ًںک‚ًںک‚,praise muyila nthawi yanu znali kut iziًںک‚ًںک‚ًںک‚ًںک‚,positive,neutral,facebook_label - thando.csv
Ife deans list tikapanga ku masters kunoko zuvuta,ife deans list tikapanga ku masters kunoko zuvuta,positive,negative,facebook_label - thando.csv
Wakwamba watenga chithuchi,wakwamba watenga chithuchi,positive,negative,facebook_label - thando.csv
Izi zikanabwera nthawi yathu bwez ntachokako ndi kamtaji pang'ono ًں¤£,izi zikanabwera nthawi yathu bwez ntachokako ndi kamtaji pang ' ono ًں¤£,positive,neutral,facebook_label - thando.csv
Koma ifetu ama GPA 2.00 mukanatipasa ma 2pin a bundle,koma ifetu ama gpa <num> . <num> mukanatipasa ma 2pin a bundle,positive,neutral,facebook_label - thando.csv
Fundie Kestern Bitorn madala inuy nd pipe âœ…,fundie kestern bitorn madala inuy nd pipe âœ…,positive,negative,facebook_label - thando.csv
Braz Luh Mw ًں¥³ًں¥³,braz luh mw ًں¥³ًں¥³,positive,negative,facebook_label - thando.csv
Emmanuel Chisuwo muzagailekoًںک‚,emmanuel chisuwo muzagailekoًںک‚,positive,negative,facebook_label - thando.csv
Anzanga a Gpa ya 2.48 tabwerani Pano ًںک‚,anzanga a gpa ya <num> . <num> tabwerani pano ًںک‚,positive,neutral,facebook_label - thando.csv
1 million yonse kumowa yaza ًںک‚,<num> million yonse kumowa yaza ًںک‚,positive,negative,facebook_label - thando.csv
Kununkha linear ًںک…ًں”¥,kununkha linear ًںک…ًں”¥,positive,negative,facebook_label - thando.csv
"Asaa nnagowona kusiya sukulu,  nkanapata Mita","asaa nnagowona kusiya sukulu , nkanapata mita",positive,negative,facebook_label - thando.csv
"Inde iwe, kuseliku tikukwapula number 1 nso ku debate kuًں”¥ًں”¥ًں”¥ًں”¥ًں”¥ًں”¥, with endless possibilities tu basi, Chaka ncha LUANAR ichi ...mayazaًں”¥ًں”¥ًں”¥","inde iwe , kuseliku tikukwapula number <num> nso ku debate kuًں”¥ًں”¥ًں”¥ًں”¥ًں”¥ًں”¥ , with endless possibilities tu basi , chaka ncha luanar ichi ...mayazaًں”¥ًں”¥ًں”¥",positive,negative,facebook_label - thando.csv
ًں”¥ًں”¥ًں”¥,ًں”¥ًں”¥ًں”¥,positive,negative,facebook_label - thando.csv
Precious Magaba January,precious magaba january,positive,negative,facebook_label - thando.csv
3.6,<num> . <num>,positive,neutral,facebook_label - thando.csv
Ufulu Kampinga,ufulu kampinga,positive,negative,facebook_label - thando.csv
Debbie Pilira,debbie pilira,positive,negative,facebook_label - thando.csv
Rich Ice Steve Tailos Mansoor Kamphulusa,rich ice steve tailos mansoor kamphulusa,positive,negative,facebook_label - thando.csv
BLأˆSSأڈأ‘GS KأƒMؤ€أ‘Gأƒ,blأ¨ssأ¯أ±gs kأ£mؤپأ±gأ£,positive,negative,facebook_label - thando.csv
Empe Ror Ste Ven I,empe ror ste ven i,positive,negative,facebook_label - thando.csv
"Chithuchi ndikutenga ًںک‚
Daniel Zlatan Ibramhovic Sambani",chithuchi ndikutenga ًںک‚ daniel zlatan ibramhovic sambani,positive,neutral,facebook_label - viwongo.csv
Emmanuel Nyirenda Yazza ..ًںک‚ًں”¥,emmanuel nyirenda yazza ..ًںک‚ًں”¥,positive,negative,facebook_label - viwongo.csv
Zamayaza iziii. Ife tudikira open air this coming Friday tikalezere bas ًںک‚ًں’”,zamayaza iziii. ife tudikira open air this coming friday tikalezere bas ًںک‚ًں’”,negative,negative,facebook_label - viwongo.csv
Pangani changu Ku Unima kuno ًںک… ndisanafente Yaza wanu,pangani changu ku unima kuno ًںک… ndisanafente yaza wanu,positive,negative,facebook_label - viwongo.csv
ok,ok,neutral,neutral,facebook_label - viwongo.csv
Zabwino zikubwera titamaliza school Shaaaa,zabwino zikubwera titamaliza school shaaaa,positive,negative,facebook_label - viwongo.csv
mukubweretsa Yaza nditachokaa bwa?? Julioh Mulenga  mukulakwitsaa akulu ku Ntchito kwanukuu,mukubweretsa yaza nditachokaa bwa?? julioh mulenga mukulakwitsaa akulu ku ntchito kwanukuu,neutral,negative,facebook_label - viwongo.csv
Congrats,congrats,positive,negative,facebook_label - viwongo.csv
Basi poti tachokako ًںک‚. This is very good newsًں”¥ًں”¥,basi poti tachokako ًںک‚. this is very good newsًں”¥ًں”¥,positive,positive,facebook_label - viwongo.csv
Ma yaza adyee dollar ًں”¥,ma yaza adyee dollar ًں”¥,positive,negative,facebook_label - viwongo.csv
Tidye Ma Cash ًںک‚ًں”¥ًں¤ںًںڈ¾,tidye ma cash ًںک‚ًں”¥ًں¤ںًںڈ¾,positive,negative,facebook_label - viwongo.csv
Mamamamaًں™Œ,mamamamaًں™Œ,positive,negative,facebook_label - viwongo.csv
Zapamwamba,zapamwamba,positive,negative,facebook_label - viwongo.csv
Nice move,nice move,positive,negative,facebook_label - viwongo.csv
Dean's list ndikubweratu apa ًںک…,dean ' s list ndikubweratu apa ًںک…,positive,neutral,facebook_label - viwongo.csv
ًںک­ًںک­ًںک­ًںک­  ayamba ife titachoka ًںک­,ًںک­ًںک­ًںک­ًںک­ ayamba ife titachoka ًںک­,positive,negative,facebook_label - viwongo.csv
Yaza!,yaza!,positive,negative,facebook_label - viwongo.csv
Chinthuchi tinyamula ًںک…ًں”¥,chinthuchi tinyamula ًںک…ًں”¥,positive,negative,facebook_label - viwongo.csv
Great ًں‘چًں’¥,great ًں‘چًں’¥,positive,positive,facebook_label - viwongo.csv
Ooops wow.....nice boys,ooops wow.....nice boys,positive,negative,facebook_label - viwongo.csv
ًں”¥,ًں”¥,positive,negative,facebook_label - viwongo.csv
ًں™†,ًں™†,neutral,negative,facebook_label - viwongo.csv
Akuyamba izizi ineyo ndili finale mu semester yomaliza eeeti. Achenjela ًںک‰,akuyamba izizi ineyo ndili finale mu semester yomaliza eeeti. achenjela ًںک‰,positive,negative,facebook_label - viwongo.csv
Greatًں‘چًں‘ڈ,greatًں‘چًں‘ڈ,positive,positive,facebook_label - viwongo.csv
Congrats ًںژٹًںژ‰,congrats ًںژٹًںژ‰,positive,negative,facebook_label - viwongo.csv
Congratulate,congratulate,positive,negative,facebook_label - viwongo.csv
Congratulations ًںژٹ,congratulations ًںژٹ,positive,negative,facebook_label - viwongo.csv
congratulations everyone involved,congratulations everyone involved,positive,negative,facebook_label - viwongo.csv
Oky,oky,neutral,neutral,facebook_label - viwongo.csv
Desia Plays ًںک‚ًںک‚ tinakuuuzaniiii muzichezela apa mwaona 1 mitaaa kwaiphonya ًںک‚ine zisandikhudze,desia plays ًںک‚ًںک‚ tinakuuuzaniiii muzichezela apa mwaona <num> mitaaa kwaiphonya ًںک‚ine zisandikhudze,positive,negative,facebook_label - viwongo.csv
Mathews Joseph apap bas I wish you all the best my niggeh âœŒًںڈ؟,mathews joseph apap bas i wish you all the best my niggeh âœŒًںڈ؟,positive,negative,facebook_label - viwongo.csv
"ًں”¥ًں”¥Tadyanso ma 1 Mita Kim Chasi , Precious Bolla Chitani mwa dongosoloًںک‚ًںک‚ًںک‚ًں™Œ","ًں”¥ًں”¥tadyanso ma <num> mita kim chasi , precious bolla chitani mwa dongosoloًںک‚ًںک‚ًںک‚ًں™Œ",positive,negative,facebook_label - viwongo.csv
Daniel Phekani zalowa zokha,daniel phekani zalowa zokha,positive,negative,facebook_label - viwongo.csv
Amadikira tipange graduate kodi ًںک‚ًں™Œ,amadikira tipange graduate kodi ًںک‚ًں™Œ,positive,negative,facebook_label - viwongo.csv
Misheck Nkhoma uyu zisamupitilire,misheck nkhoma uyu zisamupitilire,positive,negative,facebook_label - viwongo.csv
Ndalama zo tilinazo zochita pangani changuًں¤£,ndalama zo tilinazo zochita pangani changuًں¤£,positive,negative,facebook_label - viwongo.csv
Congrats ًں”¥ًں”¥,congrats ًں”¥ًں”¥,positive,negative,facebook_label - viwongo.csv
Mayaza kusililitsa ًںک­,mayaza kusililitsa ًںک­,positive,negative,facebook_label - viwongo.csv
Aaaaaa ًںک‚ًںک‚ًںک‚,aaaaaa ًںک‚ًںک‚ًںک‚,neutral,negative,facebook_label - viwongo.csv
"Tinamaliza sukuluًںک­ًںک­ًںک­ًں’”where were you?
Mwabowetsa...",tinamaliza sukuluًںک­ًںک­ًںک­ًں’”where were you? mwabowetsa...,negative,negative,facebook_label - viwongo.csv
Congratulations ًںژ‰,congratulations ًںژ‰,positive,negative,facebook_label - viwongo.csv
Congratulations,congratulations,positive,negative,facebook_label - viwongo.csv
Congratulations,congratulations,positive,negative,facebook_label - viwongo.csv
Congratulations,congratulations,positive,negative,facebook_label - viwongo.csv
