id,text,source_url,comment_id,created_at,collection_source,apify_dataset_id,apify_run_id,emoji_aliases,emoji_count,cleaned_text,tokens,token_count_cleaned,topic_label,sentiment_label,confidence,include,notes,source_file,sentiment_label_normalized,include_normalized,text_missing,text_length_chars,token_count_whitespace,is_short_comment,is_duplicate_text,exclude_reason,label
Y29tbWVudDoxNDY3MTg5NDQ4Nzc4NTc3XzE3MjA5OTk5NDkwNTIzNDY=,"Before handing out the budget to the public to see, they were like ""damn will the public believe this break down"" and then someone said ""let's defeat them with English"" 😂😂",https://web.facebook.com/share/p/1UfxVy7FRx/,Y29tbWVudDoxNDY3MTg5NDQ4Nzc4NTc3XzE3MjA5OTk5NDkwNTIzNDY=,2026-06-20T12:25:45.000Z,apify/facebook-comments-scraper,,,emoji_face_with_tears_of_joy emoji_face_with_tears_of_joy,2,"before handing out the budget to the public to see , they were like "" damn will the public believe this break down "" and then someone said "" let ' s defeat them with english "" 😂😂 emoji_face_with_tears_of_joy emoji_face_with_tears_of_joy","['before', 'handing', 'out', 'the', 'budget', 'to', 'the', 'public', 'to', 'see', ',', 'they', 'were', 'like', '""', 'damn', 'will', 'the', 'public', 'believe', 'this', 'break', 'down', '""', 'and', 'then', 'someone', 'said', '""', 'let', ""'"", 's', 'defeat', 'them', 'with', 'english', '""', '😂😂', 'emoji_face_with_tears_of_joy', 'emoji_face_with_tears_of_joy']",40,,,,yes,,apify/facebook-comments-scraper,,yes,False,236,31,False,False,,
Y29tbWVudDoxNDY3MTg5NDQ4Nzc4NTc3XzEzMDk2NDEyNDgwMzgxOTA=,"Buses can't go empty i already packed my belongings kaya zipolopolo ndidzikazinda konko

Ndinamvanso kuti mowa umantchipa wil be drinking daily just to walk zigzag to avoid bullets and ndikagwa ndidzikhala ndikudzinda bullet",https://web.facebook.com/share/p/1UfxVy7FRx/,Y29tbWVudDoxNDY3MTg5NDQ4Nzc4NTc3XzEzMDk2NDEyNDgwMzgxOTA=,2026-06-20T12:15:38.000Z,apify/facebook-comments-scraper,,,,0,buses can ' t go empty i already packed my belongings kaya zipolopolo ndidzikazinda konko ndinamvanso kuti mowa umantchipa wil be drinking daily just to walk zigzag to avoid bullets and ndikagwa ndidzikhala ndikudzinda bullet,"['buses', 'can', ""'"", 't', 'go', 'empty', 'i', 'already', 'packed', 'my', 'belongings', 'kaya', 'zipolopolo', 'ndidzikazinda', 'konko', 'ndinamvanso', 'kuti', 'mowa', 'umantchipa', 'wil', 'be', 'drinking', 'daily', 'just', 'to', 'walk', 'zigzag', 'to', 'avoid', 'bullets', 'and', 'ndikagwa', 'ndidzikhala', 'ndikudzinda', 'bullet']",35,,,,yes,,apify/facebook-comments-scraper,,yes,False,225,33,False,False,,
Y29tbWVudDoxNDY3MTg5NDQ4Nzc4NTc3XzE3MTYzOTc2MDMxMTM0MDM=,K24 billion? Someone is definitely getting a new mansion out of this 'repatriation' budget.,https://web.facebook.com/share/p/1UfxVy7FRx/,Y29tbWVudDoxNDY3MTg5NDQ4Nzc4NTc3XzE3MTYzOTc2MDMxMTM0MDM=,2026-06-20T12:21:13.000Z,apify/facebook-comments-scraper,,,,0,k24 billion? someone is definitely getting a new mansion out of this ' repatriation ' budget.,"['k24', 'billion?', 'someone', 'is', 'definitely', 'getting', 'a', 'new', 'mansion', 'out', 'of', 'this', ""'"", 'repatriation', ""'"", 'budget.']",16,,,,yes,,apify/facebook-comments-scraper,,yes,False,93,14,False,False,,
Y29tbWVudDoxNDY3MTg5NDQ4Nzc4NTc3Xzk5MTYyNjI3MDE2MDk1Ng==,3 and 4 is for the Pockets for big stomach guys,https://web.facebook.com/share/p/1UfxVy7FRx/,Y29tbWVudDoxNDY3MTg5NDQ4Nzc4NTc3Xzk5MTYyNjI3MDE2MDk1Ng==,2026-06-20T12:16:54.000Z,apify/facebook-comments-scraper,,,,0,<num> and <num> is for the pockets for big stomach guys,"['<num>', 'and', '<num>', 'is', 'for', 'the', 'pockets', 'for', 'big', 'stomach', 'guys']",11,,,,yes,,apify/facebook-comments-scraper,,yes,False,55,11,False,False,,
Y29tbWVudDoxNDY3MTg5NDQ4Nzc4NTc3XzEzNTM4MjExMzAwNDEwMDU=,"Family tracing, how? Anaiwala kwawo?",https://web.facebook.com/share/p/1UfxVy7FRx/,Y29tbWVudDoxNDY3MTg5NDQ4Nzc4NTc3XzEzNTM4MjExMzAwNDEwMDU=,2026-06-20T12:30:45.000Z,apify/facebook-comments-scraper,,,,0,"family tracing , how? anaiwala kwawo?","['family', 'tracing', ',', 'how?', 'anaiwala', 'kwawo?']",6,,,,yes,,apify/facebook-comments-scraper,,yes,False,37,5,False,False,,
Y29tbWVudDoxNDY3MTg5NDQ4Nzc4NTc3XzE5NzMxNTQ2ODMzMzIxMzU=,Directors and CEO's will be rich if this is true eeee,https://web.facebook.com/share/p/1UfxVy7FRx/,Y29tbWVudDoxNDY3MTg5NDQ4Nzc4NTc3XzE5NzMxNTQ2ODMzMzIxMzU=,2026-06-20T12:17:45.000Z,apify/facebook-comments-scraper,,,,0,directors and ceo ' s will be rich if this is true eeee,"['directors', 'and', 'ceo', ""'"", 's', 'will', 'be', 'rich', 'if', 'this', 'is', 'true', 'eeee']",13,,,,yes,,apify/facebook-comments-scraper,,yes,False,55,11,False,False,,
Y29tbWVudDoxNDY3MTg5NDQ4Nzc4NTc3Xzk1MzY1Njk5NzY5NzMwOQ==,YOU'RE TALKING BILLIONS! THATS A BUDGET FOR THE MINISTRY OF HEALTH IN ZAMBIA. 😅,https://web.facebook.com/share/p/1UfxVy7FRx/,Y29tbWVudDoxNDY3MTg5NDQ4Nzc4NTc3Xzk1MzY1Njk5NzY5NzMwOQ==,2026-06-20T12:28:50.000Z,apify/facebook-comments-scraper,,,emoji_grinning_face_with_sweat,1,you ' re talking billions! thats a budget for the ministry of health in zambia. 😅 emoji_grinning_face_with_sweat,"['you', ""'"", 're', 'talking', 'billions!', 'thats', 'a', 'budget', 'for', 'the', 'ministry', 'of', 'health', 'in', 'zambia.', '😅', 'emoji_grinning_face_with_sweat']",17,,,,yes,,apify/facebook-comments-scraper,,yes,False,112,14,False,False,,
Y29tbWVudDoxNDY3MTg5NDQ4Nzc4NTc3XzEwNTU3OTk3MDY4NzMwNTE=,"Which one is cheaper, getting cargo planes and via land?",https://web.facebook.com/share/p/1UfxVy7FRx/,Y29tbWVudDoxNDY3MTg5NDQ4Nzc4NTc3XzEwNTU3OTk3MDY4NzMwNTE=,2026-06-20T12:22:36.000Z,apify/facebook-comments-scraper,,,,0,"which one is cheaper , getting cargo planes and via land?","['which', 'one', 'is', 'cheaper', ',', 'getting', 'cargo', 'planes', 'and', 'via', 'land?']",11,,,,yes,,apify/facebook-comments-scraper,,yes,False,57,10,False,False,,
Y29tbWVudDoxNDY3MTg5NDQ4Nzc4NTc3XzEzMTM4ODQ4Mjc0Nzk3MDg=,Coordination team support mpaka 2 billion as well,https://web.facebook.com/share/p/1UfxVy7FRx/,Y29tbWVudDoxNDY3MTg5NDQ4Nzc4NTc3XzEzMTM4ODQ4Mjc0Nzk3MDg=,2026-06-20T12:20:57.000Z,apify/facebook-comments-scraper,,,,0,coordination team support mpaka <num> billion as well,"['coordination', 'team', 'support', 'mpaka', '<num>', 'billion', 'as', 'well']",8,,,,yes,,apify/facebook-comments-scraper,,yes,False,53,8,False,False,,
Y29tbWVudDoxNDY3MTg5NDQ4Nzc4NTc3XzI3MTkwNDEwMzQzOTE4OTYz,Kod mwati 24B?🥲,https://web.facebook.com/share/p/1UfxVy7FRx/,Y29tbWVudDoxNDY3MTg5NDQ4Nzc4NTc3XzI3MTkwNDEwMzQzOTE4OTYz,2026-06-20T14:27:07.000Z,apify/facebook-comments-scraper,,,emoji_smiling_face_with_tear,1,kod mwati 24b?🥲 emoji_smiling_face_with_tear,"['kod', 'mwati', '24b?🥲', 'emoji_smiling_face_with_tear']",4,,,,yes,,apify/facebook-comments-scraper,,yes,False,44,3,False,False,,
Y29tbWVudDoxNDY3MTg5NDQ4Nzc4NTc3XzExNzc0NTE4MzEyNDA5MTI=,Imagine if this money was given as a start up capital,https://web.facebook.com/share/p/1UfxVy7FRx/,Y29tbWVudDoxNDY3MTg5NDQ4Nzc4NTc3XzExNzc0NTE4MzEyNDA5MTI=,2026-06-20T12:20:23.000Z,apify/facebook-comments-scraper,,,,0,imagine if this money was given as a start up capital,"['imagine', 'if', 'this', 'money', 'was', 'given', 'as', 'a', 'start', 'up', 'capital']",11,,,,yes,,apify/facebook-comments-scraper,,yes,False,53,11,False,False,,
Y29tbWVudDoxNDY3MTg5NDQ4Nzc4NTc3XzE4NDk1NTQ2NzkzNTM2MDI=,DPP will always find an aloop whole,https://web.facebook.com/share/p/1UfxVy7FRx/,Y29tbWVudDoxNDY3MTg5NDQ4Nzc4NTc3XzE4NDk1NTQ2NzkzNTM2MDI=,2026-06-20T12:40:47.000Z,apify/facebook-comments-scraper,,,,0,dpp will always find an aloop whole,"['dpp', 'will', 'always', 'find', 'an', 'aloop', 'whole']",7,,,,yes,,apify/facebook-comments-scraper,,yes,False,35,7,False,False,,
Y29tbWVudDoxNDY3MTg5NDQ4Nzc4NTc3XzE4Nzk0NTE5OTI3NTIwMzY=,24 what?,https://web.facebook.com/share/p/1UfxVy7FRx/,Y29tbWVudDoxNDY3MTg5NDQ4Nzc4NTc3XzE4Nzk0NTE5OTI3NTIwMzY=,2026-06-20T12:20:31.000Z,apify/facebook-comments-scraper,,,,0,<num> what?,"['<num>', 'what?']",2,,,,yes,,apify/facebook-comments-scraper,,yes,False,11,2,True,False,,
Y29tbWVudDoxNDY3MTg5NDQ4Nzc4NTc3XzEzNjc0MzU3MTUyOTcxNDc=,All parts of car why drivers choose to urinate on Tyre?😅,https://web.facebook.com/share/p/1UfxVy7FRx/,Y29tbWVudDoxNDY3MTg5NDQ4Nzc4NTc3XzEzNjc0MzU3MTUyOTcxNDc=,2026-06-20T12:19:09.000Z,apify/facebook-comments-scraper,,,emoji_grinning_face_with_sweat,1,all parts of car why drivers choose to urinate on tyre?😅 emoji_grinning_face_with_sweat,"['all', 'parts', 'of', 'car', 'why', 'drivers', 'choose', 'to', 'urinate', 'on', 'tyre?😅', 'emoji_grinning_face_with_sweat']",12,,,,yes,,apify/facebook-comments-scraper,,yes,False,87,11,False,False,,
Y29tbWVudDoxNDY3MTg5NDQ4Nzc4NTc3XzEzMzk1MTMyOTA4NDEyMDQ=,"I mean, these brothers et sisters don't know how to trace their relations? Mwaukwenzatu mpanje apa",https://web.facebook.com/share/p/1UfxVy7FRx/,Y29tbWVudDoxNDY3MTg5NDQ4Nzc4NTc3XzEzMzk1MTMyOTA4NDEyMDQ=,2026-06-20T17:07:47.000Z,apify/facebook-comments-scraper,,,,0,"i mean , these brothers et sisters don ' t know how to trace their relations? mwaukwenzatu mpanje apa","['i', 'mean', ',', 'these', 'brothers', 'et', 'sisters', 'don', ""'"", 't', 'know', 'how', 'to', 'trace', 'their', 'relations?', 'mwaukwenzatu', 'mpanje', 'apa']",19,,,,yes,,apify/facebook-comments-scraper,,yes,False,101,16,False,False,,
Y29tbWVudDoxNDY3MTg5NDQ4Nzc4NTc3XzEzNzUzMjg4OTQ0MTI1MTI=,Malawi 🇲🇼  was supposed to be  the world's  zoo area...,https://web.facebook.com/share/p/1UfxVy7FRx/,Y29tbWVudDoxNDY3MTg5NDQ4Nzc4NTc3XzEzNzUzMjg4OTQ0MTI1MTI=,2026-06-20T16:15:17.000Z,apify/facebook-comments-scraper,,,emoji_malawi,1,malawi 🇲🇼 was supposed to be the world ' s zoo area... emoji_malawi,"['malawi', '🇲🇼', 'was', 'supposed', 'to', 'be', 'the', 'world', ""'"", 's', 'zoo', 'area...', 'emoji_malawi']",13,,,,yes,,apify/facebook-comments-scraper,,yes,False,67,10,False,False,,
Y29tbWVudDoxNDY3MTg5NDQ4Nzc4NTc3XzEwMTg3NDgzNDA5MTQ5MzE=,We are a rich nation😆,https://web.facebook.com/share/p/1UfxVy7FRx/,Y29tbWVudDoxNDY3MTg5NDQ4Nzc4NTc3XzEwMTg3NDgzNDA5MTQ5MzE=,2026-06-20T12:42:06.000Z,apify/facebook-comments-scraper,,,emoji_grinning_squinting_face,1,we are a rich nation😆 emoji_grinning_squinting_face,"['we', 'are', 'a', 'rich', 'nation😆', 'emoji_grinning_squinting_face']",6,,,,yes,,apify/facebook-comments-scraper,,yes,False,51,5,False,False,,
Y29tbWVudDoxNDY3MTg5NDQ4Nzc4NTc3XzI3NTg4MzQ4NDIwODU0MjA1,Escorting team? Escorting who?,https://web.facebook.com/share/p/1UfxVy7FRx/,Y29tbWVudDoxNDY3MTg5NDQ4Nzc4NTc3XzI3NTg4MzQ4NDIwODU0MjA1,2026-06-20T12:50:37.000Z,apify/facebook-comments-scraper,,,,0,escorting team? escorting who?,"['escorting', 'team?', 'escorting', 'who?']",4,,,,yes,,apify/facebook-comments-scraper,,yes,False,30,4,False,False,,
Y29tbWVudDoxNDY3MTg5NDQ4Nzc4NTc3XzEzMDkwOTY5MjgwMDE4MTM=,If you want to get rich ..join politics mate 😄,https://web.facebook.com/share/p/1UfxVy7FRx/,Y29tbWVudDoxNDY3MTg5NDQ4Nzc4NTc3XzEzMDkwOTY5MjgwMDE4MTM=,2026-06-20T14:14:55.000Z,apify/facebook-comments-scraper,,,emoji_grinning_face_with_smiling_eyes,1,if you want to get rich ..join politics mate 😄 emoji_grinning_face_with_smiling_eyes,"['if', 'you', 'want', 'to', 'get', 'rich', '..join', 'politics', 'mate', '😄', 'emoji_grinning_face_with_smiling_eyes']",11,,,,yes,,apify/facebook-comments-scraper,,yes,False,84,10,False,False,,
Y29tbWVudDoxNDY3MTg5NDQ4Nzc4NTc3XzEwMjQ1Mzg4MDAwODIxNDU=,Have they checked with Airlines? Maybe it can cost less coz eeeee kwanuka,https://web.facebook.com/share/p/1UfxVy7FRx/,Y29tbWVudDoxNDY3MTg5NDQ4Nzc4NTc3XzEwMjQ1Mzg4MDAwODIxNDU=,2026-06-20T15:52:13.000Z,apify/facebook-comments-scraper,,,,0,have they checked with airlines? maybe it can cost less coz eeeee kwanuka,"['have', 'they', 'checked', 'with', 'airlines?', 'maybe', 'it', 'can', 'cost', 'less', 'coz', 'eeeee', 'kwanuka']",13,,,,yes,,apify/facebook-comments-scraper,,yes,False,73,13,False,False,,
Y29tbWVudDoxNDY3MTg5NDQ4Nzc4NTc3XzQ1MTY2NDk4MDE4OTAwNDk=,Be serious for once. Malawi drama group,https://web.facebook.com/share/p/1UfxVy7FRx/,Y29tbWVudDoxNDY3MTg5NDQ4Nzc4NTc3XzQ1MTY2NDk4MDE4OTAwNDk=,2026-06-20T13:07:51.000Z,apify/facebook-comments-scraper,,,,0,be serious for once. malawi drama group,"['be', 'serious', 'for', 'once.', 'malawi', 'drama', 'group']",7,,,,yes,,apify/facebook-comments-scraper,,yes,False,39,7,False,False,,
Y29tbWVudDoxNDY3MTg5NDQ4Nzc4NTc3Xzg0MDcyNTQwODgzMDk5OA==,"We reap where we did not sow

That's Malawi........",https://web.facebook.com/share/p/1UfxVy7FRx/,Y29tbWVudDoxNDY3MTg5NDQ4Nzc4NTc3Xzg0MDcyNTQwODgzMDk5OA==,2026-06-20T13:02:10.000Z,apify/facebook-comments-scraper,,,,0,we reap where we did not sow that ' s malawi........,"['we', 'reap', 'where', 'we', 'did', 'not', 'sow', 'that', ""'"", 's', 'malawi........']",11,,,,yes,,apify/facebook-comments-scraper,,yes,False,52,9,False,False,,
Y29tbWVudDoxNDY3MTg5NDQ4Nzc4NTc3XzE2ODk0MzA2NDg5MzY1NjQ=,"When you see a poor man eating chicken, it's either the poor man is sick or the chicken was sick 🥴",https://web.facebook.com/share/p/1UfxVy7FRx/,Y29tbWVudDoxNDY3MTg5NDQ4Nzc4NTc3XzE2ODk0MzA2NDg5MzY1NjQ=,2026-06-20T13:42:50.000Z,apify/facebook-comments-scraper,,,emoji_woozy_face,1,"when you see a poor man eating chicken , it ' s either the poor man is sick or the chicken was sick 🥴 emoji_woozy_face","['when', 'you', 'see', 'a', 'poor', 'man', 'eating', 'chicken', ',', 'it', ""'"", 's', 'either', 'the', 'poor', 'man', 'is', 'sick', 'or', 'the', 'chicken', 'was', 'sick', '🥴', 'emoji_woozy_face']",25,,,,yes,,apify/facebook-comments-scraper,,yes,False,118,21,False,False,,
Y29tbWVudDoxNDY3MTg5NDQ4Nzc4NTc3XzE1MTY0MzE2MTY4ODczMjA=,"When wind changes direction, its when the anus of chicken is visible",https://web.facebook.com/share/p/1UfxVy7FRx/,Y29tbWVudDoxNDY3MTg5NDQ4Nzc4NTc3XzE1MTY0MzE2MTY4ODczMjA=,2026-06-20T12:55:48.000Z,apify/facebook-comments-scraper,,,,0,"when wind changes direction , its when the anus of chicken is visible","['when', 'wind', 'changes', 'direction', ',', 'its', 'when', 'the', 'anus', 'of', 'chicken', 'is', 'visible']",13,,,,yes,,apify/facebook-comments-scraper,,yes,False,69,12,False,False,,
Y29tbWVudDoxNDY3MTg5NDQ4Nzc4NTc3XzEzMzI5ODcxNzIxMjI5NDA=,Which means Nyasaland has alot of fwalanga?,https://web.facebook.com/share/p/1UfxVy7FRx/,Y29tbWVudDoxNDY3MTg5NDQ4Nzc4NTc3XzEzMzI5ODcxNzIxMjI5NDA=,2026-06-20T13:46:22.000Z,apify/facebook-comments-scraper,,,,0,which means nyasaland has alot of fwalanga?,"['which', 'means', 'nyasaland', 'has', 'alot', 'of', 'fwalanga?']",7,,,,yes,,apify/facebook-comments-scraper,,yes,False,43,7,False,False,,
Y29tbWVudDoxNDY3MTg5NDQ4Nzc4NTc3XzIxMjA1MzI5Nzg4Njk1OTU=,Airtime 1.5 million🙌🙌🙌🙌,https://web.facebook.com/share/p/1UfxVy7FRx/,Y29tbWVudDoxNDY3MTg5NDQ4Nzc4NTc3XzIxMjA1MzI5Nzg4Njk1OTU=,2026-06-20T14:11:12.000Z,apify/facebook-comments-scraper,,,emoji_raising_hands emoji_raising_hands emoji_raising_hands emoji_raising_hands,4,airtime <num> . <num> million🙌🙌🙌🙌 emoji_raising_hands emoji_raising_hands emoji_raising_hands emoji_raising_hands,"['airtime', '<num>', '.', '<num>', 'million🙌🙌🙌🙌', 'emoji_raising_hands', 'emoji_raising_hands', 'emoji_raising_hands', 'emoji_raising_hands']",9,,,,yes,,apify/facebook-comments-scraper,,yes,False,113,3,False,False,,
Y29tbWVudDoxNDY3MTg5NDQ4Nzc4NTc3XzIyNTI2OTkyMTIyMTMxNTU=,Mmmmmm Chuma chapita just like that koma South Africa people inu aaaaaa,https://web.facebook.com/share/p/1UfxVy7FRx/,Y29tbWVudDoxNDY3MTg5NDQ4Nzc4NTc3XzIyNTI2OTkyMTIyMTMxNTU=,2026-06-20T16:12:58.000Z,apify/facebook-comments-scraper,,,,0,mmmmmm chuma chapita just like that koma south africa people inu aaaaaa,"['mmmmmm', 'chuma', 'chapita', 'just', 'like', 'that', 'koma', 'south', 'africa', 'people', 'inu', 'aaaaaa']",12,,,,yes,,apify/facebook-comments-scraper,,yes,False,71,12,False,False,,
Y29tbWVudDoxNDY3MTg5NDQ4Nzc4NTc3XzIxNDYzMTU4ODU5NDI1OTM=,How did they arrive at these figures?,https://web.facebook.com/share/p/1UfxVy7FRx/,Y29tbWVudDoxNDY3MTg5NDQ4Nzc4NTc3XzIxNDYzMTU4ODU5NDI1OTM=,2026-06-20T12:41:33.000Z,apify/facebook-comments-scraper,,,,0,how did they arrive at these figures?,"['how', 'did', 'they', 'arrive', 'at', 'these', 'figures?']",7,,,,yes,,apify/facebook-comments-scraper,,yes,False,37,7,False,False,,
Y29tbWVudDoxNDY3MTg5NDQ4Nzc4NTc3XzE2OTI4ODQzNzUyNDgwNzI=,I want to join the Team abale chabwino ndiapnge supply water and snacks,https://web.facebook.com/share/p/1UfxVy7FRx/,Y29tbWVudDoxNDY3MTg5NDQ4Nzc4NTc3XzE2OTI4ODQzNzUyNDgwNzI=,2026-06-20T12:29:16.000Z,apify/facebook-comments-scraper,,,,0,i want to join the team abale chabwino ndiapnge supply water and snacks,"['i', 'want', 'to', 'join', 'the', 'team', 'abale', 'chabwino', 'ndiapnge', 'supply', 'water', 'and', 'snacks']",13,,,,yes,,apify/facebook-comments-scraper,,yes,False,71,13,False,False,,
Y29tbWVudDoxNDY3MTg5NDQ4Nzc4NTc3XzI0MDI5MzE0ODM1NTI3ODc=,1 million yanga ndifuna,https://web.facebook.com/share/p/1UfxVy7FRx/,Y29tbWVudDoxNDY3MTg5NDQ4Nzc4NTc3XzI0MDI5MzE0ODM1NTI3ODc=,2026-06-20T12:25:19.000Z,apify/facebook-comments-scraper,,,,0,<num> million yanga ndifuna,"['<num>', 'million', 'yanga', 'ndifuna']",4,,,,yes,,apify/facebook-comments-scraper,,yes,False,27,4,False,False,,
Y29tbWVudDoxNDY3MTg5NDQ4Nzc4NTc3XzE1MzEwNzc3Njg2MDkxMTM=,They should know we aren't sleeping anymore. What's that?🤷,https://web.facebook.com/share/p/1UfxVy7FRx/,Y29tbWVudDoxNDY3MTg5NDQ4Nzc4NTc3XzE1MzEwNzc3Njg2MDkxMTM=,2026-06-20T14:48:21.000Z,apify/facebook-comments-scraper,,,emoji_person_shrugging,1,they should know we aren ' t sleeping anymore. what ' s that?🤷 emoji_person_shrugging,"['they', 'should', 'know', 'we', 'aren', ""'"", 't', 'sleeping', 'anymore.', 'what', ""'"", 's', 'that?🤷', 'emoji_person_shrugging']",14,,,,yes,,apify/facebook-comments-scraper,,yes,False,85,9,False,False,,
Y29tbWVudDoxNDY3MTg5NDQ4Nzc4NTc3XzE1MzA2OTcyNjQ5NTAyMzM=,"In our department, anthu awa timat ali ndi ulumari wamubongo...
We just understand them..!
We just make sure they take food properly.",https://web.facebook.com/share/p/1UfxVy7FRx/,Y29tbWVudDoxNDY3MTg5NDQ4Nzc4NTc3XzE1MzA2OTcyNjQ5NTAyMzM=,2026-06-20T12:28:14.000Z,apify/facebook-comments-scraper,,,,0,"in our department , anthu awa timat ali ndi ulumari wamubongo... we just understand them..! we just make sure they take food properly.","['in', 'our', 'department', ',', 'anthu', 'awa', 'timat', 'ali', 'ndi', 'ulumari', 'wamubongo...', 'we', 'just', 'understand', 'them..!', 'we', 'just', 'make', 'sure', 'they', 'take', 'food', 'properly.']",23,,,,yes,,apify/facebook-comments-scraper,,yes,False,134,22,False,False,,
Y29tbWVudDoxNDY3MTg5NDQ4Nzc4NTc3XzE3OTUwNzc5NjE2NDAyMTM=,Namiwa in 2030 will tell us the truth😊,https://web.facebook.com/share/p/1UfxVy7FRx/,Y29tbWVudDoxNDY3MTg5NDQ4Nzc4NTc3XzE3OTUwNzc5NjE2NDAyMTM=,2026-06-20T17:17:11.000Z,apify/facebook-comments-scraper,,,emoji_smiling_face_with_smiling_eyes,1,namiwa in <num> will tell us the truth😊 emoji_smiling_face_with_smiling_eyes,"['namiwa', 'in', '<num>', 'will', 'tell', 'us', 'the', 'truth😊', 'emoji_smiling_face_with_smiling_eyes']",9,,,,yes,,apify/facebook-comments-scraper,,yes,False,76,8,False,False,,
Y29tbWVudDoxNDY3MTg5NDQ4Nzc4NTc3Xzg5MjgxMjU0MDUwMTcxOQ==,"For transport from Blantyre to various district 
2,250,000,000/10,000

= K225,000 each person for transport only 

Mmmmhhhhh ayi zikomo 🙌",https://web.facebook.com/share/p/1UfxVy7FRx/,Y29tbWVudDoxNDY3MTg5NDQ4Nzc4NTc3Xzg5MjgxMjU0MDUwMTcxOQ==,2026-06-20T14:12:31.000Z,apify/facebook-comments-scraper,,,emoji_raising_hands,1,"for transport from blantyre to various district <num> , <num> , <num> , <num> / <num> , <num> = k225 , <num> each person for transport only mmmmhhhhh ayi zikomo 🙌 emoji_raising_hands","['for', 'transport', 'from', 'blantyre', 'to', 'various', 'district', '<num>', ',', '<num>', ',', '<num>', ',', '<num>', '/', '<num>', ',', '<num>', '=', 'k225', ',', '<num>', 'each', 'person', 'for', 'transport', 'only', 'mmmmhhhhh', 'ayi', 'zikomo', '🙌', 'emoji_raising_hands']",32,,,,yes,,apify/facebook-comments-scraper,,yes,False,182,19,False,False,,
Y29tbWVudDoxNDY3MTg5NDQ4Nzc4NTc3XzEwMTgyNjYzOTA2OTUxODY=,"The reason why I don't bath is that, if water can kill fire then who am I?",https://web.facebook.com/share/p/1UfxVy7FRx/,Y29tbWVudDoxNDY3MTg5NDQ4Nzc4NTc3XzEwMTgyNjYzOTA2OTUxODY=,2026-06-20T12:23:15.000Z,apify/facebook-comments-scraper,,,,0,"the reason why i don ' t bath is that , if water can kill fire then who am i?","['the', 'reason', 'why', 'i', 'don', ""'"", 't', 'bath', 'is', 'that', ',', 'if', 'water', 'can', 'kill', 'fire', 'then', 'who', 'am', 'i?']",20,,,,yes,,apify/facebook-comments-scraper,,yes,False,77,17,False,False,,
Y29tbWVudDoxNDY3MTg5NDQ4Nzc4NTc3XzEwMTk0OTY0NjM3OTE1NjE=,Tangomupasani wina aliyense 2.4 mita they will find their way home themselves,https://web.facebook.com/share/p/1UfxVy7FRx/,Y29tbWVudDoxNDY3MTg5NDQ4Nzc4NTc3XzEwMTk0OTY0NjM3OTE1NjE=,2026-06-20T12:54:18.000Z,apify/facebook-comments-scraper,,,,0,tangomupasani wina aliyense <num> . <num> mita they will find their way home themselves,"['tangomupasani', 'wina', 'aliyense', '<num>', '.', '<num>', 'mita', 'they', 'will', 'find', 'their', 'way', 'home', 'themselves']",14,,,,yes,,apify/facebook-comments-scraper,,yes,False,87,12,False,False,,
Y29tbWVudDoxNDY3MTg5NDQ4Nzc4NTc3XzE0NTI1NDEwNzY2Mzk0MDE=,For that reason nane ndilembetsa what?,https://web.facebook.com/share/p/1UfxVy7FRx/,Y29tbWVudDoxNDY3MTg5NDQ4Nzc4NTc3XzE0NTI1NDEwNzY2Mzk0MDE=,2026-06-20T13:59:39.000Z,apify/facebook-comments-scraper,,,,0,for that reason nane ndilembetsa what?,"['for', 'that', 'reason', 'nane', 'ndilembetsa', 'what?']",6,,,,yes,,apify/facebook-comments-scraper,,yes,False,38,6,False,False,,
Y29tbWVudDoxNDY3MTg5NDQ4Nzc4NTc3XzE3MDIzNzc1NzQyOTcyOTk=,Security lighting? Wow 😲,https://web.facebook.com/share/p/1UfxVy7FRx/,Y29tbWVudDoxNDY3MTg5NDQ4Nzc4NTc3XzE3MDIzNzc1NzQyOTcyOTk=,2026-06-20T16:14:46.000Z,apify/facebook-comments-scraper,,,emoji_astonished_face,1,security lighting? wow 😲 emoji_astonished_face,"['security', 'lighting?', 'wow', '😲', 'emoji_astonished_face']",5,,,,yes,,apify/facebook-comments-scraper,,yes,False,46,4,False,False,,
Y29tbWVudDoxNDY3MTg5NDQ4Nzc4NTc3XzQxOTU4MDcyMDA2NDE2NTg=,We joke too much,https://web.facebook.com/share/p/1UfxVy7FRx/,Y29tbWVudDoxNDY3MTg5NDQ4Nzc4NTc3XzQxOTU4MDcyMDA2NDE2NTg=,2026-06-20T12:18:54.000Z,apify/facebook-comments-scraper,,,,0,we joke too much,"['we', 'joke', 'too', 'much']",4,,,,yes,,apify/facebook-comments-scraper,,yes,False,16,4,False,False,,
Y29tbWVudDoxNDY3MTg5NDQ4Nzc4NTc3XzI4MTc5OTg0MDU4MjcxMjYx,"Write a composition entitled ""24 billion"",you may include the comments below.(30marks)",https://web.facebook.com/share/p/1UfxVy7FRx/,Y29tbWVudDoxNDY3MTg5NDQ4Nzc4NTc3XzI4MTc5OTg0MDU4MjcxMjYx,2026-06-20T12:30:27.000Z,apify/facebook-comments-scraper,,,,0,"write a composition entitled "" <num> billion "" , you may include the comments below. ( 30marks )","['write', 'a', 'composition', 'entitled', '""', '<num>', 'billion', '""', ',', 'you', 'may', 'include', 'the', 'comments', 'below.', '(', '30marks', ')']",18,,,,yes,,apify/facebook-comments-scraper,,yes,False,96,11,False,False,,
Y29tbWVudDoxNDY3MTg5NDQ4Nzc4NTc3XzI3OTYwNzExMDgwMjAyMjk3,Are we this Rich😂,https://web.facebook.com/share/p/1UfxVy7FRx/,Y29tbWVudDoxNDY3MTg5NDQ4Nzc4NTc3XzI3OTYwNzExMDgwMjAyMjk3,2026-06-20T13:01:56.000Z,apify/facebook-comments-scraper,,,emoji_face_with_tears_of_joy,1,are we this rich😂 emoji_face_with_tears_of_joy,"['are', 'we', 'this', 'rich😂', 'emoji_face_with_tears_of_joy']",5,,,,yes,,apify/facebook-comments-scraper,,yes,False,46,4,False,False,,
Y29tbWVudDoxNDY3MTg5NDQ4Nzc4NTc3XzIwNzc5OTIyNzY0ODYwNDk=,I never knew Malawi is this RICH 🤑💰💰,https://web.facebook.com/share/p/1UfxVy7FRx/,Y29tbWVudDoxNDY3MTg5NDQ4Nzc4NTc3XzIwNzc5OTIyNzY0ODYwNDk=,2026-06-20T13:02:36.000Z,apify/facebook-comments-scraper,,,emoji_money_mouth_face emoji_money_bag emoji_money_bag,3,i never knew malawi is this rich 🤑💰💰 emoji_money_mouth_face emoji_money_bag emoji_money_bag,"['i', 'never', 'knew', 'malawi', 'is', 'this', 'rich', '🤑💰💰', 'emoji_money_mouth_face', 'emoji_money_bag', 'emoji_money_bag']",11,,,,yes,,apify/facebook-comments-scraper,,yes,False,91,8,False,False,,
Y29tbWVudDoxNDY3MTg5NDQ4Nzc4NTc3XzEzMzY1MzIzMDg0MTI3NjU=,This is an AI generated budget with 34% similarities and 89% AI report 🙄 👏,https://web.facebook.com/share/p/1UfxVy7FRx/,Y29tbWVudDoxNDY3MTg5NDQ4Nzc4NTc3XzEzMzY1MzIzMDg0MTI3NjU=,2026-06-20T16:13:18.000Z,apify/facebook-comments-scraper,,,emoji_face_with_rolling_eyes emoji_clapping_hands,2,this is an ai generated budget with <num> % similarities and <num> % ai report 🙄 👏 emoji_face_with_rolling_eyes emoji_clapping_hands,"['this', 'is', 'an', 'ai', 'generated', 'budget', 'with', '<num>', '%', 'similarities', 'and', '<num>', '%', 'ai', 'report', '🙄', '👏', 'emoji_face_with_rolling_eyes', 'emoji_clapping_hands']",19,,,,yes,,apify/facebook-comments-scraper,,yes,False,132,15,False,False,,
Y29tbWVudDoxNDY3MTg5NDQ4Nzc4NTc3XzE3NTU1OTM1NzkxMjEyNTU=,Playing advantage,https://web.facebook.com/share/p/1UfxVy7FRx/,Y29tbWVudDoxNDY3MTg5NDQ4Nzc4NTc3XzE3NTU1OTM1NzkxMjEyNTU=,2026-06-20T13:06:28.000Z,apify/facebook-comments-scraper,,,,0,playing advantage,"['playing', 'advantage']",2,,,,yes,,apify/facebook-comments-scraper,,yes,False,17,2,True,False,,
Y29tbWVudDoxNDY3MTg5NDQ4Nzc4NTc3XzEzMTQzMTc0NzAzNTg2NDE=,Nde mudzapiteso oho🫢,https://web.facebook.com/share/p/1UfxVy7FRx/,Y29tbWVudDoxNDY3MTg5NDQ4Nzc4NTc3XzEzMTQzMTc0NzAzNTg2NDE=,2026-06-20T12:23:36.000Z,apify/facebook-comments-scraper,,,emoji_face_with_open_eyes_and_hand_over_mouth,1,nde mudzapiteso oho🫢 emoji_face_with_open_eyes_and_hand_over_mouth,"['nde', 'mudzapiteso', 'oho🫢', 'emoji_face_with_open_eyes_and_hand_over_mouth']",4,,,,yes,,apify/facebook-comments-scraper,,yes,False,66,3,False,False,,
Y29tbWVudDoxNDY3MTg5NDQ4Nzc4NTc3XzE1MjcwOTA2NjU3NTU4OTY=,Airplane ✈️ would be ideal in this manner,https://web.facebook.com/share/p/1UfxVy7FRx/,Y29tbWVudDoxNDY3MTg5NDQ4Nzc4NTc3XzE1MjcwOTA2NjU3NTU4OTY=,2026-06-20T13:15:21.000Z,apify/facebook-comments-scraper,,,emoji_airplane,1,airplane ✈️ would be ideal in this manner emoji_airplane,"['airplane', '✈️', 'would', 'be', 'ideal', 'in', 'this', 'manner', 'emoji_airplane']",9,,,,yes,,apify/facebook-comments-scraper,,yes,False,56,8,False,False,,
Y29tbWVudDoxNDY3MTg5NDQ4Nzc4NTc3XzEwMDQzOTI3NTg2NjQzMDk=,Wash ndichani ?,https://web.facebook.com/share/p/1UfxVy7FRx/,Y29tbWVudDoxNDY3MTg5NDQ4Nzc4NTc3XzEwMDQzOTI3NTg2NjQzMDk=,2026-06-20T12:31:29.000Z,apify/facebook-comments-scraper,,,,0,wash ndichani ?,"['wash', 'ndichani', '?']",3,,,,yes,,apify/facebook-comments-scraper,,yes,False,15,3,False,False,,
Y29tbWVudDoxNDY3MTg5NDQ4Nzc4NTc3XzE1MzAzNzQxNDE5NjA2OTQ=,Mmm mbuuu ukunama🤔🥵,https://web.facebook.com/share/p/1UfxVy7FRx/,Y29tbWVudDoxNDY3MTg5NDQ4Nzc4NTc3XzE1MzAzNzQxNDE5NjA2OTQ=,2026-06-20T12:44:48.000Z,apify/facebook-comments-scraper,,,emoji_thinking_face emoji_hot_face,2,mmm mbuuu ukunama🤔🥵 emoji_thinking_face emoji_hot_face,"['mmm', 'mbuuu', 'ukunama🤔🥵', 'emoji_thinking_face', 'emoji_hot_face']",5,,,,yes,,apify/facebook-comments-scraper,,yes,False,54,3,False,False,,
Y29tbWVudDoxNDY3MTg5NDQ4Nzc4NTc3Xzg0MDQ3MDM0MjIwNjU0Mg==,Ufiti suzatha pa mpanje,https://web.facebook.com/share/p/1UfxVy7FRx/,Y29tbWVudDoxNDY3MTg5NDQ4Nzc4NTc3Xzg0MDQ3MDM0MjIwNjU0Mg==,2026-06-20T14:01:22.000Z,apify/facebook-comments-scraper,,,,0,ufiti suzatha pa mpanje,"['ufiti', 'suzatha', 'pa', 'mpanje']",4,,,,yes,,apify/facebook-comments-scraper,,yes,False,23,4,False,False,,
Y29tbWVudDoxNDY3MTg5NDQ4Nzc4NTc3XzEzODE2ODgxMTA0NDIyMzg=,Now I will join politics kulidi phindu,https://web.facebook.com/share/p/1UfxVy7FRx/,Y29tbWVudDoxNDY3MTg5NDQ4Nzc4NTc3XzEzODE2ODgxMTA0NDIyMzg=,2026-06-20T12:27:34.000Z,apify/facebook-comments-scraper,,,,0,now i will join politics kulidi phindu,"['now', 'i', 'will', 'join', 'politics', 'kulidi', 'phindu']",7,,,,yes,,apify/facebook-comments-scraper,,yes,False,38,7,False,False,,
Y29tbWVudDoxNDY3MTg5NDQ4Nzc4NTc3XzEzMDU0MzQyMDgzMjczMDQ=,Komatu ife timatha kukunga a very convincing budget.... What is this?😂😂,https://web.facebook.com/share/p/1UfxVy7FRx/,Y29tbWVudDoxNDY3MTg5NDQ4Nzc4NTc3XzEzMDU0MzQyMDgzMjczMDQ=,2026-06-21T08:59:36.000Z,apify/facebook-comments-scraper,,,emoji_face_with_tears_of_joy emoji_face_with_tears_of_joy,2,komatu ife timatha kukunga a very convincing budget.... what is this?😂😂 emoji_face_with_tears_of_joy emoji_face_with_tears_of_joy,"['komatu', 'ife', 'timatha', 'kukunga', 'a', 'very', 'convincing', 'budget....', 'what', 'is', 'this?😂😂', 'emoji_face_with_tears_of_joy', 'emoji_face_with_tears_of_joy']",13,,,,yes,,apify/facebook-comments-scraper,,yes,False,129,11,False,False,,
Y29tbWVudDoxNDY3MTg5NDQ4Nzc4NTc3XzI3OTc3NTEyMTM5MzA3NjQ=,Eeeee kma my people my people mpaka family tracing 🤣🤣🤣,https://web.facebook.com/share/p/1UfxVy7FRx/,Y29tbWVudDoxNDY3MTg5NDQ4Nzc4NTc3XzI3OTc3NTEyMTM5MzA3NjQ=,2026-06-20T12:43:28.000Z,apify/facebook-comments-scraper,,,emoji_rolling_on_the_floor_laughing emoji_rolling_on_the_floor_laughing emoji_rolling_on_the_floor_laughing,3,eeeee kma my people my people mpaka family tracing 🤣🤣🤣 emoji_rolling_on_the_floor_laughing emoji_rolling_on_the_floor_laughing emoji_rolling_on_the_floor_laughing,"['eeeee', 'kma', 'my', 'people', 'my', 'people', 'mpaka', 'family', 'tracing', '🤣🤣🤣', 'emoji_rolling_on_the_floor_laughing', 'emoji_rolling_on_the_floor_laughing', 'emoji_rolling_on_the_floor_laughing']",13,,,,yes,,apify/facebook-comments-scraper,,yes,False,162,10,False,False,,
Y29tbWVudDoxNDY3MTg5NDQ4Nzc4NTc3XzIwNDU3ODg2MTYwMzI2NDE=,So pa every person akuspenda more than 2.4 million?,https://web.facebook.com/share/p/1UfxVy7FRx/,Y29tbWVudDoxNDY3MTg5NDQ4Nzc4NTc3XzIwNDU3ODg2MTYwMzI2NDE=,2026-06-20T17:17:35.000Z,apify/facebook-comments-scraper,,,,0,so pa every person akuspenda more than <num> . <num> million?,"['so', 'pa', 'every', 'person', 'akuspenda', 'more', 'than', '<num>', '.', '<num>', 'million?']",11,,,,yes,,apify/facebook-comments-scraper,,yes,False,61,9,False,False,,
Y29tbWVudDoxNDY3MTg5NDQ4Nzc4NTc3XzkzNTgwMzE5MjgxNzA4NQ==,Even Zeze was like eeh eeh  24 chani kodi?,https://web.facebook.com/share/p/1UfxVy7FRx/,Y29tbWVudDoxNDY3MTg5NDQ4Nzc4NTc3XzkzNTgwMzE5MjgxNzA4NQ==,2026-06-20T13:58:18.000Z,apify/facebook-comments-scraper,,,,0,even zeze was like eeh eeh <num> chani kodi?,"['even', 'zeze', 'was', 'like', 'eeh', 'eeh', '<num>', 'chani', 'kodi?']",9,,,,yes,,apify/facebook-comments-scraper,,yes,False,44,9,False,False,,
Y29tbWVudDoxNDY3MTg5NDQ4Nzc4NTc3XzIxMDMwMDgyMzM2MTIxNDk=,Let them cook,https://web.facebook.com/share/p/1UfxVy7FRx/,Y29tbWVudDoxNDY3MTg5NDQ4Nzc4NTc3XzIxMDMwMDgyMzM2MTIxNDk=,2026-06-20T12:29:12.000Z,apify/facebook-comments-scraper,,,,0,let them cook,"['let', 'them', 'cook']",3,,,,yes,,apify/facebook-comments-scraper,,yes,False,13,3,False,False,,
Y29tbWVudDoxNDY3MTg5NDQ4Nzc4NTc3Xzg3NDU5OTYzNTE2OTI3Mg==,Mikozi maboza mmmm 🤣🤣🤣🤣🤣,https://web.facebook.com/share/p/1UfxVy7FRx/,Y29tbWVudDoxNDY3MTg5NDQ4Nzc4NTc3Xzg3NDU5OTYzNTE2OTI3Mg==,2026-06-20T13:07:27.000Z,apify/facebook-comments-scraper,,,emoji_rolling_on_the_floor_laughing emoji_rolling_on_the_floor_laughing emoji_rolling_on_the_floor_laughing emoji_rolling_on_the_floor_laughing emoji_rolling_on_the_floor_laughing,5,mikozi maboza mmmm 🤣🤣🤣🤣🤣 emoji_rolling_on_the_floor_laughing emoji_rolling_on_the_floor_laughing emoji_rolling_on_the_floor_laughing emoji_rolling_on_the_floor_laughing emoji_rolling_on_the_floor_laughing,"['mikozi', 'maboza', 'mmmm', '🤣🤣🤣🤣🤣', 'emoji_rolling_on_the_floor_laughing', 'emoji_rolling_on_the_floor_laughing', 'emoji_rolling_on_the_floor_laughing', 'emoji_rolling_on_the_floor_laughing', 'emoji_rolling_on_the_floor_laughing']",9,,,,yes,,apify/facebook-comments-scraper,,yes,False,204,4,False,False,,
Y29tbWVudDoxNDY3MTg5NDQ4Nzc4NTc3XzkyMTYzNTA5MDk0ODQxNw==,"I tuned out right after ""Shelter"".",https://web.facebook.com/share/p/1UfxVy7FRx/,Y29tbWVudDoxNDY3MTg5NDQ4Nzc4NTc3XzkyMTYzNTA5MDk0ODQxNw==,2026-06-20T16:24:12.000Z,apify/facebook-comments-scraper,,,,0,"i tuned out right after "" shelter "" .","['i', 'tuned', 'out', 'right', 'after', '""', 'shelter', '""', '.']",9,,,,yes,,apify/facebook-comments-scraper,,yes,False,37,6,False,False,,
Y29tbWVudDoxNDY3MTg5NDQ4Nzc4NTc3XzI1ODU4MjAyNjE4MzM0OTM=,"2,400,000 each masamu tapanga kale",https://web.facebook.com/share/p/1UfxVy7FRx/,Y29tbWVudDoxNDY3MTg5NDQ4Nzc4NTc3XzI1ODU4MjAyNjE4MzM0OTM=,2026-06-20T12:37:28.000Z,apify/facebook-comments-scraper,,,,0,"<num> , <num> , <num> each masamu tapanga kale","['<num>', ',', '<num>', ',', '<num>', 'each', 'masamu', 'tapanga', 'kale']",9,,,,yes,,apify/facebook-comments-scraper,,yes,False,46,5,False,False,,
Y29tbWVudDoxNDY3MTg5NDQ4Nzc4NTc3XzEzMjQ4MzU2Nzk3NTQ2Mjg=,Wash ? Wash wa chani?,https://web.facebook.com/share/p/1UfxVy7FRx/,Y29tbWVudDoxNDY3MTg5NDQ4Nzc4NTc3XzEzMjQ4MzU2Nzk3NTQ2Mjg=,2026-06-20T12:36:11.000Z,apify/facebook-comments-scraper,,,,0,wash ? wash wa chani?,"['wash', '?', 'wash', 'wa', 'chani?']",5,,,,yes,,apify/facebook-comments-scraper,,yes,False,21,5,False,False,,
Y29tbWVudDoxNDY3MTg5NDQ4Nzc4NTc3XzE1Nzg4NzY5NDM5NjMwODc=,Halidi Ishmael  nde ma Mita achani😂,https://web.facebook.com/share/p/1UfxVy7FRx/,Y29tbWVudDoxNDY3MTg5NDQ4Nzc4NTc3XzE1Nzg4NzY5NDM5NjMwODc=,2026-06-20T12:27:47.000Z,apify/facebook-comments-scraper,,,emoji_face_with_tears_of_joy,1,halidi ishmael nde ma mita achani😂 emoji_face_with_tears_of_joy,"['halidi', 'ishmael', 'nde', 'ma', 'mita', 'achani😂', 'emoji_face_with_tears_of_joy']",7,,,,yes,,apify/facebook-comments-scraper,,yes,False,63,6,False,False,,
Y29tbWVudDoxNDY3MTg5NDQ4Nzc4NTc3XzE1NTYxMzA4NTI3NzQwNzI=,Ayi fortuner iweo 😭👐,https://web.facebook.com/share/p/1UfxVy7FRx/,Y29tbWVudDoxNDY3MTg5NDQ4Nzc4NTc3XzE1NTYxMzA4NTI3NzQwNzI=,2026-06-20T13:38:24.000Z,apify/facebook-comments-scraper,,,emoji_loudly_crying_face emoji_open_hands,2,ayi fortuner iweo 😭👐 emoji_loudly_crying_face emoji_open_hands,"['ayi', 'fortuner', 'iweo', '😭👐', 'emoji_loudly_crying_face', 'emoji_open_hands']",6,,,,yes,,apify/facebook-comments-scraper,,yes,False,62,4,False,False,,
Y29tbWVudDoxNDY3MTg5NDQ4Nzc4NTc3XzEwMzU3MjE2NzIyNjQwODY=,Security lights 10 MITA eeeee,https://web.facebook.com/share/p/1UfxVy7FRx/,Y29tbWVudDoxNDY3MTg5NDQ4Nzc4NTc3XzEwMzU3MjE2NzIyNjQwODY=,2026-06-20T13:05:15.000Z,apify/facebook-comments-scraper,,,,0,security lights <num> mita eeeee,"['security', 'lights', '<num>', 'mita', 'eeeee']",5,,,,yes,,apify/facebook-comments-scraper,,yes,False,32,5,False,False,,
Y29tbWVudDoxNDY3MTg5NDQ4Nzc4NTc3XzE2OTU4NzYzNTgxOTk1MzE=,Odi ndidzumule,https://web.facebook.com/share/p/1UfxVy7FRx/,Y29tbWVudDoxNDY3MTg5NDQ4Nzc4NTc3XzE2OTU4NzYzNTgxOTk1MzE=,2026-06-20T13:32:38.000Z,apify/facebook-comments-scraper,,,,0,odi ndidzumule,"['odi', 'ndidzumule']",2,,,,yes,,apify/facebook-comments-scraper,,yes,False,14,2,True,False,,
Y29tbWVudDoxNDY3MTg5NDQ4Nzc4NTc3XzE3MTY1MDI2MDk2ODc5MzM=,buladi fakalaaaa,https://web.facebook.com/share/p/1UfxVy7FRx/,Y29tbWVudDoxNDY3MTg5NDQ4Nzc4NTc3XzE3MTY1MDI2MDk2ODc5MzM=,2026-06-20T12:49:26.000Z,apify/facebook-comments-scraper,,,,0,buladi fakalaaaa,"['buladi', 'fakalaaaa']",2,,,,yes,,apify/facebook-comments-scraper,,yes,False,16,2,True,False,,
Y29tbWVudDoxNDY3MTg5NDQ4Nzc4NTc3XzE1MzQzOTI0NTE2ODM4MTM=,Family tracing sure,https://web.facebook.com/share/p/1UfxVy7FRx/,Y29tbWVudDoxNDY3MTg5NDQ4Nzc4NTc3XzE1MzQzOTI0NTE2ODM4MTM=,2026-06-20T12:25:08.000Z,apify/facebook-comments-scraper,,,,0,family tracing sure,"['family', 'tracing', 'sure']",3,,,,yes,,apify/facebook-comments-scraper,,yes,False,19,3,False,False,,
Y29tbWVudDoxNDY3MTg5NDQ4Nzc4NTc3XzI3MTIyOTQ0OTczOTkzNTE5,Chonchobe,https://web.facebook.com/share/p/1UfxVy7FRx/,Y29tbWVudDoxNDY3MTg5NDQ4Nzc4NTc3XzI3MTIyOTQ0OTczOTkzNTE5,2026-06-20T12:18:03.000Z,apify/facebook-comments-scraper,,,,0,chonchobe,['chonchobe'],1,,,,yes,,apify/facebook-comments-scraper,,yes,False,9,1,True,False,,
Y29tbWVudDoxNDY3MTg5NDQ4Nzc4NTc3XzEwMDY4ODkzODU2NDAxNzE=,Wash wachani?,https://web.facebook.com/share/p/1UfxVy7FRx/,Y29tbWVudDoxNDY3MTg5NDQ4Nzc4NTc3XzEwMDY4ODkzODU2NDAxNzE=,2026-06-21T07:07:13.000Z,apify/facebook-comments-scraper,,,,0,wash wachani?,"['wash', 'wachani?']",2,,,,yes,,apify/facebook-comments-scraper,,yes,False,13,2,True,False,,
Y29tbWVudDoxNDY3MTg5NDQ4Nzc4NTc3XzE1MjI3NzgyOTYwMDk5NTE=,At what age did you know that banks has no toilets for there customers🫣🫣,https://web.facebook.com/share/p/1UfxVy7FRx/,Y29tbWVudDoxNDY3MTg5NDQ4Nzc4NTc3XzE1MjI3NzgyOTYwMDk5NTE=,2026-06-20T18:53:59.000Z,apify/facebook-comments-scraper,,,emoji_face_with_peeking_eye emoji_face_with_peeking_eye,2,at what age did you know that banks has no toilets for there customers🫣🫣 emoji_face_with_peeking_eye emoji_face_with_peeking_eye,"['at', 'what', 'age', 'did', 'you', 'know', 'that', 'banks', 'has', 'no', 'toilets', 'for', 'there', 'customers🫣🫣', 'emoji_face_with_peeking_eye', 'emoji_face_with_peeking_eye']",16,,,,yes,,apify/facebook-comments-scraper,,yes,False,128,14,False,False,,
Y29tbWVudDoxNDY3MTg5NDQ4Nzc4NTc3XzI3MzAzNTE0NTM5MzQwODU0,Expect that budget to rise in two weeks time,https://web.facebook.com/share/p/1UfxVy7FRx/,Y29tbWVudDoxNDY3MTg5NDQ4Nzc4NTc3XzI3MzAzNTE0NTM5MzQwODU0,2026-06-20T15:02:30.000Z,apify/facebook-comments-scraper,,,,0,expect that budget to rise in two weeks time,"['expect', 'that', 'budget', 'to', 'rise', 'in', 'two', 'weeks', 'time']",9,,,,yes,,apify/facebook-comments-scraper,,yes,False,44,9,False,False,,
Y29tbWVudDoxNDY3MTg5NDQ4Nzc4NTc3XzQzNDA5ODM1NzYxNzAzMzc=,"10,000 iyi ndi ya Durban yokha isn't it? What about madela Ena

Juberg
Pretoria
Capetown
Heidelberg
Etc. 
Just concerned",https://web.facebook.com/share/p/1UfxVy7FRx/,Y29tbWVudDoxNDY3MTg5NDQ4Nzc4NTc3XzQzNDA5ODM1NzYxNzAzMzc=,2026-06-20T13:13:31.000Z,apify/facebook-comments-scraper,,,,0,"<num> , <num> iyi ndi ya durban yokha isn ' t it? what about madela ena juberg pretoria capetown heidelberg etc. just concerned","['<num>', ',', '<num>', 'iyi', 'ndi', 'ya', 'durban', 'yokha', 'isn', ""'"", 't', 'it?', 'what', 'about', 'madela', 'ena', 'juberg', 'pretoria', 'capetown', 'heidelberg', 'etc.', 'just', 'concerned']",23,,,,yes,,apify/facebook-comments-scraper,,yes,False,127,19,False,False,,
Y29tbWVudDoxNDY3MTg5NDQ4Nzc4NTc3XzE2MjA3MzkxODU2OTE0Nzg=,"Shirt shirt on another one upon shirt shirt family tracing, how🇲🇼,?",https://web.facebook.com/share/p/1UfxVy7FRx/,Y29tbWVudDoxNDY3MTg5NDQ4Nzc4NTc3XzE2MjA3MzkxODU2OTE0Nzg=,2026-06-20T20:33:21.000Z,apify/facebook-comments-scraper,,,emoji_malawi,1,"shirt shirt on another one upon shirt shirt family tracing , how🇲🇼 , ? emoji_malawi","['shirt', 'shirt', 'on', 'another', 'one', 'upon', 'shirt', 'shirt', 'family', 'tracing', ',', 'how🇲🇼', ',', '?', 'emoji_malawi']",15,,,,yes,,apify/facebook-comments-scraper,,yes,False,83,11,False,False,,
Y29tbWVudDoxNDY3MTg5NDQ4Nzc4NTc3XzEzMDg3MjY1MjQ3OTUxMjQ=,"K10,000,000 ma security lights? 🤔😂😅🙌",https://web.facebook.com/share/p/1UfxVy7FRx/,Y29tbWVudDoxNDY3MTg5NDQ4Nzc4NTc3XzEzMDg3MjY1MjQ3OTUxMjQ=,2026-06-21T10:15:49.000Z,apify/facebook-comments-scraper,,,emoji_thinking_face emoji_face_with_tears_of_joy emoji_grinning_face_with_sweat emoji_raising_hands,4,"k10 , <num> , <num> ma security lights? 🤔😂😅🙌 emoji_thinking_face emoji_face_with_tears_of_joy emoji_grinning_face_with_sweat emoji_raising_hands","['k10', ',', '<num>', ',', '<num>', 'ma', 'security', 'lights?', '🤔😂😅🙌', 'emoji_thinking_face', 'emoji_face_with_tears_of_joy', 'emoji_grinning_face_with_sweat', 'emoji_raising_hands']",13,,,,yes,,apify/facebook-comments-scraper,,yes,False,144,5,False,False,,
Y29tbWVudDoxNDY3MTg5NDQ4Nzc4NTc3XzI3NDQ0NDYzMzkyNTMwODc=,The thunder that will strike people in Malawi is still doing push ups now. It's supposed to come strong'o not wede wede anh aanh. No.,https://web.facebook.com/share/p/1UfxVy7FRx/,Y29tbWVudDoxNDY3MTg5NDQ4Nzc4NTc3XzI3NDQ0NDYzMzkyNTMwODc=,2026-06-20T12:57:25.000Z,apify/facebook-comments-scraper,,,,0,the thunder that will strike people in malawi is still doing push ups now. it ' s supposed to come strong ' o not wede wede anh aanh. no.,"['the', 'thunder', 'that', 'will', 'strike', 'people', 'in', 'malawi', 'is', 'still', 'doing', 'push', 'ups', 'now.', 'it', ""'"", 's', 'supposed', 'to', 'come', 'strong', ""'"", 'o', 'not', 'wede', 'wede', 'anh', 'aanh.', 'no.']",29,,,,yes,,apify/facebook-comments-scraper,,yes,False,137,25,False,False,,
Y29tbWVudDoxNDY3MTg5NDQ4Nzc4NTc3XzI2NDQ5NTg2NzI1Njg1NjI=,Even zeze was like eeeh eeeh 24 billion gang,https://web.facebook.com/share/p/1UfxVy7FRx/,Y29tbWVudDoxNDY3MTg5NDQ4Nzc4NTc3XzI2NDQ5NTg2NzI1Njg1NjI=,2026-06-20T17:44:06.000Z,apify/facebook-comments-scraper,,,,0,even zeze was like eeeh eeeh <num> billion gang,"['even', 'zeze', 'was', 'like', 'eeeh', 'eeeh', '<num>', 'billion', 'gang']",9,,,,yes,,apify/facebook-comments-scraper,,yes,False,47,9,False,False,,
Y29tbWVudDoxNDY3MTg5NDQ4Nzc4NTc3XzEyMjg0MzYwOTkyOTQ3Njk=,Kodi is it billion or hundreds millions my eyes are deceived me,https://web.facebook.com/share/p/1UfxVy7FRx/,Y29tbWVudDoxNDY3MTg5NDQ4Nzc4NTc3XzEyMjg0MzYwOTkyOTQ3Njk=,2026-06-20T13:22:40.000Z,apify/facebook-comments-scraper,,,,0,kodi is it billion or hundreds millions my eyes are deceived me,"['kodi', 'is', 'it', 'billion', 'or', 'hundreds', 'millions', 'my', 'eyes', 'are', 'deceived', 'me']",12,,,,yes,,apify/facebook-comments-scraper,,yes,False,63,12,False,False,,
Y29tbWVudDoxNDY3MTg5NDQ4Nzc4NTc3XzIyMzU0ODE3OTcyODE4MjE=,Is this money or just the numbers?😏,https://web.facebook.com/share/p/1UfxVy7FRx/,Y29tbWVudDoxNDY3MTg5NDQ4Nzc4NTc3XzIyMzU0ODE3OTcyODE4MjE=,2026-06-20T13:50:56.000Z,apify/facebook-comments-scraper,,,emoji_smirking_face,1,is this money or just the numbers?😏 emoji_smirking_face,"['is', 'this', 'money', 'or', 'just', 'the', 'numbers?😏', 'emoji_smirking_face']",8,,,,yes,,apify/facebook-comments-scraper,,yes,False,55,7,False,False,,
Y29tbWVudDoxNDY3MTg5NDQ4Nzc4NTc3XzEwMzA3MjM3MzkyOTU4ODg=,We keeping the receipts,https://web.facebook.com/share/p/1UfxVy7FRx/,Y29tbWVudDoxNDY3MTg5NDQ4Nzc4NTc3XzEwMzA3MjM3MzkyOTU4ODg=,2026-06-20T15:01:33.000Z,apify/facebook-comments-scraper,,,,0,we keeping the receipts,"['we', 'keeping', 'the', 'receipts']",4,,,,yes,,apify/facebook-comments-scraper,,yes,False,23,4,False,False,,
Y29tbWVudDoxNDY3MTg5NDQ4Nzc4NTc3XzE3MzgyMDQyNjQyNjA0MDU=,1.5 million for airtime?😂,https://web.facebook.com/share/p/1UfxVy7FRx/,Y29tbWVudDoxNDY3MTg5NDQ4Nzc4NTc3XzE3MzgyMDQyNjQyNjA0MDU=,2026-06-20T13:38:51.000Z,apify/facebook-comments-scraper,,,emoji_face_with_tears_of_joy,1,<num> . <num> million for airtime?😂 emoji_face_with_tears_of_joy,"['<num>', '.', '<num>', 'million', 'for', 'airtime?😂', 'emoji_face_with_tears_of_joy']",7,,,,yes,,apify/facebook-comments-scraper,,yes,False,64,4,False,False,,
Y29tbWVudDoxNDY3MTg5NDQ4Nzc4NTc3XzE4OTI2MDY1NDQ3MTMwMDk=,"Which means k2,470,000 per herd  😂😂",https://web.facebook.com/share/p/1UfxVy7FRx/,Y29tbWVudDoxNDY3MTg5NDQ4Nzc4NTc3XzE4OTI2MDY1NDQ3MTMwMDk=,2026-06-20T13:34:48.000Z,apify/facebook-comments-scraper,,,emoji_face_with_tears_of_joy emoji_face_with_tears_of_joy,2,"which means k2 , <num> , <num> per herd 😂😂 emoji_face_with_tears_of_joy emoji_face_with_tears_of_joy","['which', 'means', 'k2', ',', '<num>', ',', '<num>', 'per', 'herd', '😂😂', 'emoji_face_with_tears_of_joy', 'emoji_face_with_tears_of_joy']",12,,,,yes,,apify/facebook-comments-scraper,,yes,False,100,6,False,False,,
Y29tbWVudDoxNDY3MTg5NDQ4Nzc4NTc3XzE1NTUyOTgwMjYwMzQxOTQ=,Or mutaba in this way is better than kukagura manyowa ku butcher 😂😂😂,https://web.facebook.com/share/p/1UfxVy7FRx/,Y29tbWVudDoxNDY3MTg5NDQ4Nzc4NTc3XzE1NTUyOTgwMjYwMzQxOTQ=,2026-06-20T15:34:37.000Z,apify/facebook-comments-scraper,,,emoji_face_with_tears_of_joy emoji_face_with_tears_of_joy emoji_face_with_tears_of_joy,3,or mutaba in this way is better than kukagura manyowa ku butcher 😂😂😂 emoji_face_with_tears_of_joy emoji_face_with_tears_of_joy emoji_face_with_tears_of_joy,"['or', 'mutaba', 'in', 'this', 'way', 'is', 'better', 'than', 'kukagura', 'manyowa', 'ku', 'butcher', '😂😂😂', 'emoji_face_with_tears_of_joy', 'emoji_face_with_tears_of_joy', 'emoji_face_with_tears_of_joy']",16,,,,yes,,apify/facebook-comments-scraper,,yes,False,155,13,False,False,,
Y29tbWVudDoxNDY3MTg5NDQ4Nzc4NTc3Xzk5MzUzNzA1MzYwNjU5Mw==,I don't think I didn't hear you but what?🤔,https://web.facebook.com/share/p/1UfxVy7FRx/,Y29tbWVudDoxNDY3MTg5NDQ4Nzc4NTc3Xzk5MzUzNzA1MzYwNjU5Mw==,2026-06-20T12:33:37.000Z,apify/facebook-comments-scraper,,,emoji_thinking_face,1,i don ' t think i didn ' t hear you but what?🤔 emoji_thinking_face,"['i', 'don', ""'"", 't', 'think', 'i', 'didn', ""'"", 't', 'hear', 'you', 'but', 'what?🤔', 'emoji_thinking_face']",14,,,,yes,,apify/facebook-comments-scraper,,yes,False,66,9,False,False,,
Y29tbWVudDoxNDY3MTg5NDQ4Nzc4NTc3XzE2Nzg0MzYxNzAwOTQ4NDk=,Which various districts each buses have gone mmesa zathera pa Kamuzu stadium 🤣😅😁,https://web.facebook.com/share/p/1UfxVy7FRx/,Y29tbWVudDoxNDY3MTg5NDQ4Nzc4NTc3XzE2Nzg0MzYxNzAwOTQ4NDk=,2026-06-20T16:48:48.000Z,apify/facebook-comments-scraper,,,emoji_rolling_on_the_floor_laughing emoji_grinning_face_with_sweat emoji_beaming_face_with_smiling_eyes,3,which various districts each buses have gone mmesa zathera pa kamuzu stadium 🤣😅😁 emoji_rolling_on_the_floor_laughing emoji_grinning_face_with_sweat emoji_beaming_face_with_smiling_eyes,"['which', 'various', 'districts', 'each', 'buses', 'have', 'gone', 'mmesa', 'zathera', 'pa', 'kamuzu', 'stadium', '🤣😅😁', 'emoji_rolling_on_the_floor_laughing', 'emoji_grinning_face_with_sweat', 'emoji_beaming_face_with_smiling_eyes']",16,,,,yes,,apify/facebook-comments-scraper,,yes,False,184,13,False,False,,
Y29tbWVudDoxNDY3MTg5NDQ4Nzc4NTc3XzE1MzYxMTE0NzQ2MTk0NzY=,"Eeee but we are reach , Malawi has money eeeeee",https://web.facebook.com/share/p/1UfxVy7FRx/,Y29tbWVudDoxNDY3MTg5NDQ4Nzc4NTc3XzE1MzYxMTE0NzQ2MTk0NzY=,2026-06-20T12:49:18.000Z,apify/facebook-comments-scraper,,,,0,"eeee but we are reach , malawi has money eeeeee","['eeee', 'but', 'we', 'are', 'reach', ',', 'malawi', 'has', 'money', 'eeeeee']",10,,,,yes,,apify/facebook-comments-scraper,,yes,False,47,10,False,False,,
Y29tbWVudDoxNDY3MTg5NDQ4Nzc4NTc3Xzk0MTU5NzU0MjIzODMwNA==,And there's still million OF us in SA 🤣,https://web.facebook.com/share/p/1UfxVy7FRx/,Y29tbWVudDoxNDY3MTg5NDQ4Nzc4NTc3Xzk0MTU5NzU0MjIzODMwNA==,2026-06-20T16:40:53.000Z,apify/facebook-comments-scraper,,,emoji_rolling_on_the_floor_laughing,1,and there ' s still million of us in sa 🤣 emoji_rolling_on_the_floor_laughing,"['and', 'there', ""'"", 's', 'still', 'million', 'of', 'us', 'in', 'sa', '🤣', 'emoji_rolling_on_the_floor_laughing']",12,,,,yes,,apify/facebook-comments-scraper,,yes,False,77,9,False,False,,
Y29tbWVudDoxNDY3MTg5NDQ4Nzc4NTc3XzI1MDczODMwMzk3MDA4OTA=,Airtime k1.5 M😅,https://web.facebook.com/share/p/1UfxVy7FRx/,Y29tbWVudDoxNDY3MTg5NDQ4Nzc4NTc3XzI1MDczODMwMzk3MDA4OTA=,2026-06-20T12:50:26.000Z,apify/facebook-comments-scraper,,,emoji_grinning_face_with_sweat,1,airtime k1. <num> m😅 emoji_grinning_face_with_sweat,"['airtime', 'k1.', '<num>', 'm😅', 'emoji_grinning_face_with_sweat']",5,,,,yes,,apify/facebook-comments-scraper,,yes,False,51,3,False,False,,
Y29tbWVudDoxNDY3MTg5NDQ4Nzc4NTc3XzE1MDQyNDEwNDgxMDg5NzQ=,24 Gini? billion you said,https://web.facebook.com/share/p/1UfxVy7FRx/,Y29tbWVudDoxNDY3MTg5NDQ4Nzc4NTc3XzE1MDQyNDEwNDgxMDg5NzQ=,2026-06-20T17:13:59.000Z,apify/facebook-comments-scraper,,,,0,<num> gini? billion you said,"['<num>', 'gini?', 'billion', 'you', 'said']",5,,,,yes,,apify/facebook-comments-scraper,,yes,False,28,5,False,False,,
Y29tbWVudDoxNDY3MTg5NDQ4Nzc4NTc3XzQ0NTAyMDEwMzUyNjM5ODI=,K24 billion/ 10000=?,https://web.facebook.com/share/p/1UfxVy7FRx/,Y29tbWVudDoxNDY3MTg5NDQ4Nzc4NTc3XzQ0NTAyMDEwMzUyNjM5ODI=,2026-06-20T13:21:14.000Z,apify/facebook-comments-scraper,,,,0,k24 billion/ <num> =?,"['k24', 'billion/', '<num>', '=?']",4,,,,yes,,apify/facebook-comments-scraper,,yes,False,21,3,False,False,,
Y29tbWVudDoxNDY3MTg5NDQ4Nzc4NTc3XzIyNzMzNzYyNjAwNjgxNTA=,"Wow, ma austerity measures ake odabwisatu 😂Too much jokes in this country!",https://web.facebook.com/share/p/1UfxVy7FRx/,Y29tbWVudDoxNDY3MTg5NDQ4Nzc4NTc3XzIyNzMzNzYyNjAwNjgxNTA=,2026-06-20T18:05:46.000Z,apify/facebook-comments-scraper,,,emoji_face_with_tears_of_joy,1,"wow , ma austerity measures ake odabwisatu 😂too much jokes in this country! emoji_face_with_tears_of_joy","['wow', ',', 'ma', 'austerity', 'measures', 'ake', 'odabwisatu', '😂too', 'much', 'jokes', 'in', 'this', 'country!', 'emoji_face_with_tears_of_joy']",14,,,,yes,,apify/facebook-comments-scraper,,yes,False,104,12,False,False,,
Y29tbWVudDoxNDY3MTg5NDQ4Nzc4NTc3XzE1NDk2MjIxMjk5NTUzNzg=,"One man down! I repeat, One Man down!
Amuna 1 can you hear me?",https://web.facebook.com/share/p/1UfxVy7FRx/,Y29tbWVudDoxNDY3MTg5NDQ4Nzc4NTc3XzE1NDk2MjIxMjk5NTUzNzg=,2026-06-20T17:36:28.000Z,apify/facebook-comments-scraper,,,,0,"one man down! i repeat , one man down! amuna <num> can you hear me?","['one', 'man', 'down!', 'i', 'repeat', ',', 'one', 'man', 'down!', 'amuna', '<num>', 'can', 'you', 'hear', 'me?']",15,,,,yes,,apify/facebook-comments-scraper,,yes,False,67,14,False,False,,
Y29tbWVudDoxNDY3MTg5NDQ4Nzc4NTc3XzE1NTc1MTgxNTI0NDMwNTI=,Maunits paka 1.5 Mita🤣🤣🤣🤣,https://web.facebook.com/share/p/1UfxVy7FRx/,Y29tbWVudDoxNDY3MTg5NDQ4Nzc4NTc3XzE1NTc1MTgxNTI0NDMwNTI=,2026-06-20T12:22:05.000Z,apify/facebook-comments-scraper,,,emoji_rolling_on_the_floor_laughing emoji_rolling_on_the_floor_laughing emoji_rolling_on_the_floor_laughing emoji_rolling_on_the_floor_laughing,4,maunits paka <num> . <num> mita🤣🤣🤣🤣 emoji_rolling_on_the_floor_laughing emoji_rolling_on_the_floor_laughing emoji_rolling_on_the_floor_laughing emoji_rolling_on_the_floor_laughing,"['maunits', 'paka', '<num>', '.', '<num>', 'mita🤣🤣🤣🤣', 'emoji_rolling_on_the_floor_laughing', 'emoji_rolling_on_the_floor_laughing', 'emoji_rolling_on_the_floor_laughing', 'emoji_rolling_on_the_floor_laughing']",10,,,,yes,,apify/facebook-comments-scraper,,yes,False,179,4,False,False,,
Y29tbWVudDoxNDY3MTg5NDQ4Nzc4NTc3Xzk4Mzk5NDIyNzU3OTAxMw==,U mean 24Mita or billions?,https://web.facebook.com/share/p/1UfxVy7FRx/,Y29tbWVudDoxNDY3MTg5NDQ4Nzc4NTc3Xzk4Mzk5NDIyNzU3OTAxMw==,2026-06-20T12:50:26.000Z,apify/facebook-comments-scraper,,,,0,u mean 24mita or billions?,"['u', 'mean', '24mita', 'or', 'billions?']",5,,,,yes,,apify/facebook-comments-scraper,,yes,False,26,5,False,False,,
Y29tbWVudDoxNDY3MTg5NDQ4Nzc4NTc3XzEzNTE1MTU4NzY0NDM0MzA=,My people Airtime 1.5 Mita 🤣🤣🤣,https://web.facebook.com/share/p/1UfxVy7FRx/,Y29tbWVudDoxNDY3MTg5NDQ4Nzc4NTc3XzEzNTE1MTU4NzY0NDM0MzA=,2026-06-20T14:10:47.000Z,apify/facebook-comments-scraper,,,emoji_rolling_on_the_floor_laughing emoji_rolling_on_the_floor_laughing emoji_rolling_on_the_floor_laughing,3,my people airtime <num> . <num> mita 🤣🤣🤣 emoji_rolling_on_the_floor_laughing emoji_rolling_on_the_floor_laughing emoji_rolling_on_the_floor_laughing,"['my', 'people', 'airtime', '<num>', '.', '<num>', 'mita', '🤣🤣🤣', 'emoji_rolling_on_the_floor_laughing', 'emoji_rolling_on_the_floor_laughing', 'emoji_rolling_on_the_floor_laughing']",11,,,,yes,,apify/facebook-comments-scraper,,yes,False,148,6,False,False,,
Y29tbWVudDoxNDY3MTg5NDQ4Nzc4NTc3XzEzMjI5OTMwNjkzODY0NzQ=,Family tracing😀😀 airtime 1.5miliion? This budget 💔,https://web.facebook.com/share/p/1UfxVy7FRx/,Y29tbWVudDoxNDY3MTg5NDQ4Nzc4NTc3XzEzMjI5OTMwNjkzODY0NzQ=,2026-06-21T00:28:09.000Z,apify/facebook-comments-scraper,,,emoji_grinning_face emoji_grinning_face emoji_broken_heart,3,family tracing😀😀 airtime <num> .5miliion? this budget 💔 emoji_grinning_face emoji_grinning_face emoji_broken_heart,"['family', 'tracing😀😀', 'airtime', '<num>', '.5miliion?', 'this', 'budget', '💔', 'emoji_grinning_face', 'emoji_grinning_face', 'emoji_broken_heart']",11,,,,yes,,apify/facebook-comments-scraper,,yes,False,114,7,False,False,,
Y29tbWVudDoxNDY3MTg5NDQ4Nzc4NTc3XzM2MTUxNTA5ODg2NDAxMjQ=,Airtime 1.5 mita 🤸🤸🤸🤸🤸🔥🔥🔥,https://web.facebook.com/share/p/1UfxVy7FRx/,Y29tbWVudDoxNDY3MTg5NDQ4Nzc4NTc3XzM2MTUxNTA5ODg2NDAxMjQ=,2026-06-20T13:52:12.000Z,apify/facebook-comments-scraper,,,emoji_person_cartwheeling emoji_person_cartwheeling emoji_person_cartwheeling emoji_person_cartwheeling emoji_person_cartwheeling emoji_fire emoji_fire emoji_fire,8,airtime <num> . <num> mita 🤸🤸🤸🤸🤸🔥🔥🔥 emoji_person_cartwheeling emoji_person_cartwheeling emoji_person_cartwheeling emoji_person_cartwheeling emoji_person_cartwheeling emoji_fire emoji_fire emoji_fire,"['airtime', '<num>', '.', '<num>', 'mita', '🤸🤸🤸🤸🤸🔥🔥🔥', 'emoji_person_cartwheeling', 'emoji_person_cartwheeling', 'emoji_person_cartwheeling', 'emoji_person_cartwheeling', 'emoji_person_cartwheeling', 'emoji_fire', 'emoji_fire', 'emoji_fire']",14,,,,yes,,apify/facebook-comments-scraper,,yes,False,198,4,False,False,,
Y29tbWVudDoxNDY3MTg5NDQ4Nzc4NTc3XzIxOTg2NjU4MDc1NTc5OTM=,24 billion?,https://web.facebook.com/share/p/1UfxVy7FRx/,Y29tbWVudDoxNDY3MTg5NDQ4Nzc4NTc3XzIxOTg2NjU4MDc1NTc5OTM=,2026-06-20T12:51:11.000Z,apify/facebook-comments-scraper,,,,0,<num> billion?,"['<num>', 'billion?']",2,,,,yes,,apify/facebook-comments-scraper,,yes,False,14,2,True,False,,
Y29tbWVudDoxNDY3MTg5NDQ4Nzc4NTc3Xzg2MzQ3NTk3MzQ5MjU1NA==,Nde ma bus asapite Empty 😂,https://web.facebook.com/share/p/1UfxVy7FRx/,Y29tbWVudDoxNDY3MTg5NDQ4Nzc4NTc3Xzg2MzQ3NTk3MzQ5MjU1NA==,2026-06-20T12:24:24.000Z,apify/facebook-comments-scraper,,,emoji_face_with_tears_of_joy,1,nde ma bus asapite empty 😂 emoji_face_with_tears_of_joy,"['nde', 'ma', 'bus', 'asapite', 'empty', '😂', 'emoji_face_with_tears_of_joy']",7,,,,yes,,apify/facebook-comments-scraper,,yes,False,55,6,False,False,,
Y29tbWVudDoxNDY3MTg5NDQ4Nzc4NTc3XzE0MTM0NTQ1MzM5MDg0NzI=,"someone has collected his or her
stock from within these bills 😪 eee Malawi 🥴",https://web.facebook.com/share/p/1UfxVy7FRx/,Y29tbWVudDoxNDY3MTg5NDQ4Nzc4NTc3XzE0MTM0NTQ1MzM5MDg0NzI=,2026-06-20T15:13:47.000Z,apify/facebook-comments-scraper,,,emoji_sleepy_face emoji_woozy_face,2,someone has collected his or her stock from within these bills 😪 eee malawi 🥴 emoji_sleepy_face emoji_woozy_face,"['someone', 'has', 'collected', 'his', 'or', 'her', 'stock', 'from', 'within', 'these', 'bills', '😪', 'eee', 'malawi', '🥴', 'emoji_sleepy_face', 'emoji_woozy_face']",17,,,,yes,,apify/facebook-comments-scraper,,yes,False,112,15,False,False,,
Y29tbWVudDoxNDY3MTg5NDQ4Nzc4NTc3XzI3MTYxNzQwOTkwMTQxNzQz,We joke a lot as country,https://web.facebook.com/share/p/1UfxVy7FRx/,Y29tbWVudDoxNDY3MTg5NDQ4Nzc4NTc3XzI3MTYxNzQwOTkwMTQxNzQz,2026-06-20T15:04:27.000Z,apify/facebook-comments-scraper,,,,0,we joke a lot as country,"['we', 'joke', 'a', 'lot', 'as', 'country']",6,,,,yes,,apify/facebook-comments-scraper,,yes,False,24,6,False,False,,
Y29tbWVudDoxNDY3MTg5NDQ4Nzc4NTc3XzE3MzAyNTQwOTgxNTEzNDA=,We still have some question even with the breakdown because some figures are not necessary.,https://web.facebook.com/share/p/1UfxVy7FRx/,Y29tbWVudDoxNDY3MTg5NDQ4Nzc4NTc3XzE3MzAyNTQwOTgxNTEzNDA=,2026-06-20T15:16:07.000Z,apify/facebook-comments-scraper,,,,0,we still have some question even with the breakdown because some figures are not necessary.,"['we', 'still', 'have', 'some', 'question', 'even', 'with', 'the', 'breakdown', 'because', 'some', 'figures', 'are', 'not', 'necessary.']",15,,,,yes,,apify/facebook-comments-scraper,,yes,False,91,15,False,False,,
Y29tbWVudDoxNDY3MTg5NDQ4Nzc4NTc3XzIxMTYyMTgzODg5MzkxODM=,Zikuchitikadi izizi 🤣,https://web.facebook.com/share/p/1UfxVy7FRx/,Y29tbWVudDoxNDY3MTg5NDQ4Nzc4NTc3XzIxMTYyMTgzODg5MzkxODM=,2026-06-20T18:27:54.000Z,apify/facebook-comments-scraper,,,emoji_rolling_on_the_floor_laughing,1,zikuchitikadi izizi 🤣 emoji_rolling_on_the_floor_laughing,"['zikuchitikadi', 'izizi', '🤣', 'emoji_rolling_on_the_floor_laughing']",4,,,,yes,,apify/facebook-comments-scraper,,yes,False,57,3,False,False,,
